{"type":"FeatureCollection","description":"US State borders simplified using Ramer-Douglas-Peucker epsilon=0.02 degrees. Static reference data.","source":"Natural Earth 1:10m (public domain)","generated":"2026-06-11","features":[{"type":"Feature","properties":{"name":"Washington","abbr":"WA"},"geometry":{"type":"MultiPolygon","coordinates":[[[[-122.753017,48.992515],[-117.038151,48.992515],[-117.044037,46.378471],[-116.942084,46.259721],[-116.9091,46.16248],[-116.960638,46.104765],[-116.878827,46.001469],[-119.002362,45.999516],[-119.093329,45.948832],[-119.575262,45.927592],[-119.66247,45.87183],[-119.934198,45.837968],[-120.229901,45.737065],[-120.47016,45.710136],[-120.631415,45.729057],[-120.900116,45.641801],[-121.038886,45.653324],[-121.154974,45.622221],[-121.204242,45.684941],[-121.271845,45.708769],[-121.792645,45.721391],[-122.261054,45.566313],[-122.7216,45.648881],[-122.806537,45.978129],[-122.891742,46.092485],[-122.966693,46.135746],[-123.111835,46.186479],[-123.297939,46.151545],[-123.455676,46.267044],[-123.603179,46.260077],[-123.692967,46.305202],[-123.873033,46.240172],[-124.009304,46.313456],[-124.075836,46.268297],[-124.0725,46.64251],[-124.03576,46.630818],[-124.017893,46.568549],[-124.014251,46.385119],[-123.958119,46.378241],[-123.926864,46.4401],[-123.846547,46.396633],[-123.840647,46.415758],[-123.935825,46.472311],[-123.896352,46.54442],[-123.95641,46.623114],[-123.894928,46.602729],[-123.922515,46.657864],[-123.877268,46.692084],[-123.826487,46.692369],[-123.811879,46.662584],[-123.763987,46.678412],[-123.899996,46.747406],[-123.976129,46.741055],[-123.972698,46.701262],[-124.093379,46.743228],[-124.12682,46.898505],[-124.090879,46.900013],[-124.072499,46.842922],[-124.021311,46.832343],[-124.031565,46.870266],[-124.057045,46.862086],[-124.046928,46.891136],[-123.813059,46.95897],[-124.012884,46.983726],[-124.027699,47.028144],[-124.11687,47.042917],[-124.148183,47.0244],[-124.10576,46.933421],[-124.178461,46.925507],[-124.199835,47.18748],[-124.299257,47.348205],[-124.271718,47.342597],[-124.317808,47.357351],[-124.42276,47.741889],[-124.483469,47.812934],[-124.609507,47.874855],[-124.671986,47.990709],[-124.734607,48.170404],[-124.689443,48.213446],[-124.705517,48.245979],[-124.661488,48.319525],[-124.727528,48.387728],[-124.574894,48.370408],[-123.970991,48.165598],[-123.246927,48.115334],[-123.108251,48.183838],[-123.161285,48.151923],[-123.063029,48.117603],[-123.029693,48.045233],[-122.996816,48.038642],[-122.999135,48.091742],[-122.92748,48.09512],[-122.857289,48.029527],[-122.87328,47.99372],[-122.824859,48.035224],[-122.877756,48.106635],[-122.770172,48.141099],[-122.750396,48.117174],[-122.791982,48.082913],[-122.620107,47.877631],[-122.676422,47.862128],[-122.800364,47.679877],[-122.829213,47.694078],[-122.805653,47.843451],[-122.839182,47.78205],[-122.856435,47.826077],[-122.839182,47.746649],[-123.119374,47.44953],[-123.161285,47.356838],[-123.074127,47.344631],[-122.839182,47.431952],[-123.052235,47.367011],[-123.091868,47.367377],[-123.110504,47.405097],[-122.949045,47.597073],[-122.763539,47.669135],[-122.733754,47.74258],[-122.634877,47.839667],[-122.570953,47.81977],[-122.613189,47.94595],[-122.528066,47.905504],[-122.504018,47.788235],[-122.468373,47.756537],[-122.557973,47.740424],[-122.595855,47.691962],[-122.661041,47.730455],[-122.592152,47.58275],[-122.616933,47.574123],[-122.681508,47.651679],[-122.696929,47.623114],[-122.63915,47.577053],[-122.681508,47.527533],[-122.553131,47.583401],[-122.507924,47.520331],[-122.556223,47.391995],[-122.537506,47.370551],[-122.585927,47.336371],[-122.568512,47.264065],[-122.686269,47.301215],[-122.633127,47.404608],[-122.725942,47.339057],[-122.753082,47.281195],[-122.724477,47.232611],[-122.772776,47.173082],[-122.814849,47.250881],[-122.784006,47.315253],[-122.805653,47.397773],[-122.846018,47.315863],[-122.920481,47.278022],[-122.965077,47.181138],[-123.078765,47.130276],[-123.017934,47.130276],[-123.078765,47.096137],[-122.930247,47.174465],[-123.010487,47.082506],[-122.935414,47.130276],[-122.8933,47.047268],[-122.901235,47.130276],[-122.852854,47.165025],[-122.85969,47.130276],[-122.8308,47.136786],[-122.817128,47.165717],[-122.722483,47.089301],[-122.571604,47.209296],[-122.537506,47.315863],[-122.433095,47.264879],[-122.40038,47.281073],[-122.422027,47.315863],[-122.328481,47.357123],[-122.409047,47.574937],[-122.377919,47.596177],[-122.345774,47.562323],[-122.339996,47.598944],[-122.428782,47.660386],[-122.381093,47.72016],[-122.404368,47.797593],[-122.320424,47.942084],[-122.212799,47.986802],[-122.191721,48.026313],[-122.340159,48.090033],[-122.3756,48.213202],[-122.444203,48.232367],[-122.469472,48.177069],[-122.348012,48.054267],[-122.510365,48.147447],[-122.53395,48.249677],[-122.445912,48.261054],[-122.400787,48.235256],[-122.385854,48.303778],[-122.533762,48.374661],[-122.558949,48.434027],[-122.646596,48.403754],[-122.683461,48.430162],[-122.663319,48.454901],[-122.702382,48.497992],[-122.633046,48.516262],[-122.580719,48.458319],[-122.568349,48.489488],[-122.488881,48.454901],[-122.494252,48.529364],[-122.567006,48.585354],[-122.468088,48.554511],[-122.440297,48.580715],[-122.525136,48.692288],[-122.508616,48.755683],[-122.574534,48.780463],[-122.639719,48.722398],[-122.667348,48.731879],[-122.658193,48.77733],[-122.704905,48.787909],[-122.703847,48.827379],[-122.768219,48.87401],[-122.745839,48.91767],[-122.808095,48.934516],[-122.801015,48.962307],[-122.731557,48.959215],[-122.753017,48.992515]]],[[[-123.090506,48.992515],[-123.035308,48.992499],[-123.08849,48.972235],[-123.090506,48.992515]]],[[[-123.973997,46.49293],[-123.94818,46.46419],[-123.964121,46.406791],[-123.997763,46.453397],[-123.973997,46.49293]]],[[[-122.435129,47.425727],[-122.366811,47.383531],[-122.469228,47.336371],[-122.439849,47.392808],[-122.463043,47.397773],[-122.496571,47.336371],[-122.527252,47.346259],[-122.489003,47.482652],[-122.455637,47.500881],[-122.435129,47.425727]]],[[[-122.496938,47.607123],[-122.498769,47.571234],[-122.57787,47.601549],[-122.557769,47.713813],[-122.510976,47.695868],[-122.496938,47.607123]]],[[[-122.729319,48.096747],[-122.686879,48.073228],[-122.681508,48.00727],[-122.730784,48.042426],[-122.738922,48.082506],[-122.701975,48.049221],[-122.729319,48.096747]]],[[[-122.359364,47.97663],[-122.346791,47.950588],[-122.386708,47.904934],[-122.441314,47.915473],[-122.476064,47.986884],[-122.539215,47.972154],[-122.609771,48.060492],[-122.607249,48.153754],[-122.668446,48.15058],[-122.74413,48.205878],[-122.75121,48.249945],[-122.656565,48.385077],[-122.595774,48.401923],[-122.517568,48.294013],[-122.593984,48.307929],[-122.651357,48.249945],[-122.723704,48.233791],[-122.580637,48.188463],[-122.535512,48.005927],[-122.514027,48.090766],[-122.359364,47.97663]]],[[[-122.861928,48.489325],[-122.808339,48.458197],[-122.827748,48.417385],[-122.937611,48.458319],[-122.887074,48.563666],[-122.861928,48.489325]]],[[[-122.693715,48.585924],[-122.67455,48.568793],[-122.714345,48.541938],[-122.735422,48.590399],[-122.693715,48.585924]]],[[[-123.020172,48.499335],[-122.964955,48.451483],[-123.129709,48.489732],[-123.177561,48.598822],[-123.12914,48.620063],[-123.024648,48.562812],[-122.977651,48.531317],[-123.020172,48.499335]]],[[[-122.745839,48.664374],[-122.820953,48.609117],[-122.896352,48.699774],[-122.910308,48.657538],[-122.874379,48.593736],[-122.933339,48.59276],[-122.980092,48.638617],[-122.99706,48.597154],[-123.026519,48.626532],[-122.917958,48.711412],[-122.745839,48.664374]]],[[[-122.621409,48.668524],[-122.620473,48.645941],[-122.655141,48.66474],[-122.715159,48.739081],[-122.621409,48.668524]]],[[[-122.705393,47.181952],[-122.671376,47.164984],[-122.70108,47.123969],[-122.746409,47.153713],[-122.705393,47.181952]]],[[[-122.868153,47.268297],[-122.848297,47.193305],[-122.87385,47.167873],[-122.921946,47.237209],[-122.904937,47.278266],[-122.846913,47.298041],[-122.868153,47.268297]]],[[[-123.417085,46.204842],[-123.315661,46.148536],[-123.411046,46.17508],[-123.417085,46.204842]]]]}},{"type":"Feature","properties":{"name":"Idaho","abbr":"ID"},"geometry":{"type":"Polygon","coordinates":[[[-117.038151,48.992515],[-116.048163,48.992515],[-116.048944,48.003691],[-115.718915,47.699784],[-115.676532,47.604496],[-115.732758,47.555619],[-115.639179,47.479277],[-115.723993,47.441728],[-115.5862,47.388432],[-115.49682,47.304081],[-115.33327,47.26436],[-115.051703,46.996659],[-114.917865,46.922831],[-114.905414,46.84185],[-114.766425,46.774418],[-114.761224,46.715995],[-114.663153,46.74849],[-114.622748,46.720097],[-114.636005,46.674247],[-114.567035,46.64434],[-114.329462,46.671562],[-114.33869,46.535771],[-114.400214,46.500639],[-114.371307,46.453715],[-114.454364,46.26995],[-114.433197,46.191386],[-114.503168,46.160087],[-114.451288,46.109062],[-114.473554,46.013285],[-114.404022,45.98516],[-114.41535,45.929496],[-114.387518,45.88831],[-114.495087,45.844682],[-114.549921,45.7835],[-114.493671,45.705058],[-114.540497,45.631889],[-114.540961,45.569096],[-114.45058,45.558891],[-114.297577,45.483695],[-114.221967,45.543168],[-114.108856,45.573295],[-113.998334,45.654838],[-113.989545,45.70269],[-113.803241,45.607792],[-113.810638,45.535307],[-113.757196,45.507572],[-113.764398,45.438163],[-113.714545,45.38018],[-113.714838,45.309013],[-113.436493,45.021952],[-113.439667,44.96392],[-113.481415,44.933549],[-113.433856,44.862797],[-113.333563,44.794145],[-113.232855,44.818608],[-113.141376,44.776493],[-113.045062,44.652104],[-113.068817,44.609257],[-112.993036,44.531547],[-112.995526,44.465238],[-112.838178,44.376982],[-112.808856,44.387992],[-112.822699,44.435527],[-112.751483,44.488529],[-112.680267,44.505473],[-112.390033,44.458329],[-112.327802,44.537113],[-112.24223,44.568705],[-112.081635,44.538725],[-111.870013,44.562406],[-111.808759,44.52808],[-111.66745,44.56724],[-111.460516,44.549076],[-111.50329,44.584452],[-111.494428,44.643901],[-111.451239,44.666215],[-111.461322,44.714579],[-111.375458,44.754887],[-111.307953,44.732353],[-111.210223,44.59434],[-111.051386,44.49788],[-111.050238,41.999833],[-117.01662,41.99954],[-117.031415,43.828691],[-116.971063,43.893363],[-116.935541,44.017045],[-116.968964,44.099955],[-116.920526,44.113578],[-116.891986,44.176689],[-116.961395,44.223832],[-116.97348,44.268315],[-117.044012,44.259648],[-117.099286,44.292338],[-117.140253,44.264433],[-117.195062,44.297709],[-117.203803,44.482499],[-117.122284,44.554081],[-117.029242,44.733647],[-116.863934,44.866093],[-116.821967,44.966557],[-116.831342,45.025004],[-116.71745,45.151371],[-116.649042,45.347514],[-116.454999,45.600761],[-116.542792,45.762431],[-116.759393,45.837968],[-116.838593,45.909867],[-116.960638,46.104765],[-116.9091,46.16248],[-116.942084,46.259721],[-117.044037,46.378471],[-117.038151,48.992515]]]}},{"type":"Feature","properties":{"name":"Montana","abbr":"MT"},"geometry":{"type":"Polygon","coordinates":[[[-116.048163,48.992515],[-104.047574,48.992618],[-104.039301,44.999931],[-111.0508,45.000029],[-111.051386,44.49788],[-111.210223,44.59434],[-111.307953,44.732353],[-111.375458,44.754887],[-111.461322,44.714579],[-111.451239,44.666215],[-111.494428,44.643901],[-111.50329,44.584452],[-111.460516,44.549076],[-111.66745,44.56724],[-111.808759,44.52808],[-111.870013,44.562406],[-112.081635,44.538725],[-112.24223,44.568705],[-112.327802,44.537113],[-112.390033,44.458329],[-112.680267,44.505473],[-112.751483,44.488529],[-112.822699,44.435527],[-112.808856,44.387992],[-112.838178,44.376982],[-112.995526,44.465238],[-112.993036,44.531547],[-113.068817,44.609257],[-113.045062,44.652104],[-113.141376,44.776493],[-113.232855,44.818608],[-113.333563,44.794145],[-113.433856,44.862797],[-113.481415,44.933549],[-113.439667,44.96392],[-113.436493,45.021952],[-113.714838,45.309013],[-113.714545,45.38018],[-113.764398,45.438163],[-113.757196,45.507572],[-113.810638,45.535307],[-113.803241,45.607792],[-113.989545,45.70269],[-113.998334,45.654838],[-114.108856,45.573295],[-114.221967,45.543168],[-114.297577,45.483695],[-114.545453,45.572758],[-114.493671,45.705058],[-114.549921,45.7835],[-114.495087,45.844682],[-114.387518,45.88831],[-114.41535,45.929496],[-114.404022,45.98516],[-114.473554,46.013285],[-114.451288,46.109062],[-114.503168,46.160087],[-114.433197,46.191386],[-114.454364,46.26995],[-114.371307,46.453715],[-114.400214,46.500639],[-114.33869,46.535771],[-114.325336,46.664945],[-114.567035,46.64434],[-114.636005,46.674247],[-114.622748,46.720097],[-114.663153,46.74849],[-114.761224,46.715995],[-114.766425,46.774418],[-114.905414,46.84185],[-114.917865,46.922831],[-115.051703,46.996659],[-115.33327,47.26436],[-115.49682,47.304081],[-115.5862,47.388432],[-115.723993,47.441728],[-115.639179,47.479277],[-115.732758,47.555619],[-115.676532,47.604496],[-115.718915,47.699784],[-116.048944,48.003691],[-116.048163,48.992515]]]}},{"type":"Feature","properties":{"name":"North Dakota","abbr":"ND"},"geometry":{"type":"Polygon","coordinates":[[[-104.047574,48.992618],[-97.226089,48.99267],[-97.100971,48.650517],[-97.157172,48.534135],[-97.122821,48.428569],[-97.14411,48.376469],[-97.115179,48.28123],[-97.121893,48.132719],[-97.000116,47.924003],[-96.989887,47.810722],[-96.856122,47.60186],[-96.869159,47.416899],[-96.842474,47.386454],[-96.828192,47.002299],[-96.808319,46.943925],[-96.759247,46.920903],[-96.801508,46.79373],[-96.794672,46.642265],[-96.753046,46.59705],[-96.715375,46.444609],[-96.60163,46.32393],[-96.556342,45.941752],[-104.044891,45.942021],[-104.047574,48.992618]]]}},{"type":"Feature","properties":{"name":"Minnesota","abbr":"MN"},"geometry":{"type":"Polygon","coordinates":[[[-97.226089,48.99267],[-95.177106,48.99267],[-95.160569,49.369494],[-94.982518,49.356162],[-94.827256,49.292858],[-94.688893,48.778832],[-94.519161,48.70447],[-94.292586,48.711912],[-94.23215,48.652019],[-93.874885,48.636206],[-93.778664,48.519468],[-93.491756,48.542309],[-93.451475,48.597422],[-93.385716,48.614863],[-92.97972,48.61768],[-92.648604,48.536263],[-92.627468,48.502777],[-92.718909,48.459782],[-92.490629,48.433117],[-92.462465,48.329299],[-92.371851,48.222587],[-92.291029,48.249562],[-92.281598,48.33178],[-92.070499,48.346714],[-91.975492,48.236566],[-91.744137,48.179593],[-91.695509,48.13758],[-91.716438,48.112051],[-91.589676,48.088332],[-91.574845,48.048205],[-91.276362,48.064768],[-90.873802,48.234344],[-90.750347,48.083991],[-90.120386,48.115359],[-89.92045,47.98746],[-89.780975,48.017199],[-89.498962,47.995095],[-89.957636,47.286112],[-90.653973,47.308061],[-91.468304,46.924052],[-91.964862,46.728739],[-92.109955,46.768656],[-92.197162,46.710649],[-92.215472,46.663725],[-92.289227,46.662992],[-92.292572,46.083329],[-92.363348,46.027299],[-92.428754,46.032743],[-92.704096,45.91309],[-92.767694,45.805058],[-92.891205,45.703764],[-92.883197,45.576127],[-92.750897,45.559184],[-92.663007,45.426322],[-92.759345,45.283329],[-92.749677,45.126347],[-92.802435,45.077983],[-92.758344,44.925737],[-92.819794,44.757841],[-92.584662,44.607963],[-92.393768,44.579594],[-92.286054,44.470658],[-92.102606,44.436918],[-91.950116,44.335722],[-91.817108,44.162675],[-91.662616,44.073271],[-91.540985,44.065605],[-91.407513,44.013383],[-91.284247,43.897782],[-91.242816,43.740214],[-91.25014,43.500956],[-96.453558,43.500126],[-96.453607,45.296562],[-96.566473,45.393534],[-96.708246,45.421611],[-96.863055,45.600761],[-96.838934,45.649174],[-96.649603,45.751103],[-96.587689,45.838847],[-96.556342,45.941752],[-96.564862,46.171391],[-96.60163,46.32393],[-96.715375,46.444609],[-96.753046,46.59705],[-96.794672,46.642265],[-96.801508,46.79373],[-96.759247,46.920903],[-96.808319,46.943925],[-96.828192,47.002299],[-96.842474,47.386454],[-96.869159,47.416899],[-96.856122,47.60186],[-96.989887,47.810722],[-97.000116,47.924003],[-97.121893,48.132719],[-97.115179,48.28123],[-97.14411,48.376469],[-97.122821,48.428569],[-97.157172,48.534135],[-97.100971,48.650517],[-97.226089,48.99267]]]}},{"type":"Feature","properties":{"name":"Michigan","abbr":"MI"},"geometry":{"type":"Polygon","coordinates":[[[-89.498962,47.995095],[-89.340382,47.984152],[-88.642724,48.25659],[-88.347264,48.298655],[-84.87869,46.897914],[-84.773322,46.633434],[-84.566565,46.461196],[-84.492176,46.456881],[-84.389702,46.520262],[-84.30534,46.501607],[-84.197285,46.546359],[-84.110443,46.526464],[-84.158812,46.433343],[-84.10543,46.347741],[-84.096774,46.224828],[-83.964586,46.063184],[-83.839296,46.119202],[-83.613884,46.115636],[-83.462808,46.007787],[-83.636867,45.773944],[-83.483974,45.771937],[-82.588778,45.371805],[-82.532141,45.293516],[-82.145446,43.600647],[-82.411089,43.051275],[-82.526224,42.619906],[-82.83282,42.398008],[-83.079963,42.305067],[-83.128513,42.239955],[-83.159493,42.046324],[-83.130862,41.938029],[-83.413763,41.735267],[-84.806075,41.696806],[-84.806075,41.758275],[-87.207733,41.759674],[-87.018818,42.496236],[-87.147166,43.379859],[-87.114374,43.76519],[-87.061359,43.969633],[-86.891194,44.46622],[-86.714642,44.84517],[-86.497689,45.075704],[-86.250623,45.236051],[-86.763571,45.443848],[-87.092447,45.443848],[-87.1988,45.32277],[-87.403325,45.204963],[-87.436049,45.078976],[-87.653558,45.120756],[-87.73476,45.199345],[-87.661224,45.370365],[-87.68869,45.388798],[-87.848554,45.356181],[-87.882196,45.377397],[-87.86579,45.446171],[-87.80412,45.499906],[-87.802606,45.68704],[-87.901776,45.758866],[-88.109979,45.803154],[-88.085541,45.876737],[-88.123187,45.931498],[-88.529193,46.025248],[-88.630609,46.006132],[-88.837274,46.0356],[-89.119232,46.148173],[-90.1185,46.340629],[-90.230341,46.508744],[-90.340839,46.557426],[-90.399017,46.550956],[-90.412543,46.584233],[-89.498962,47.995095]]]}},{"type":"Feature","properties":{"name":"Ohio","abbr":"OH"},"geometry":{"type":"Polygon","coordinates":[[[-83.130862,41.938029],[-83.068413,41.847731],[-82.711122,41.680248],[-82.451319,41.671902],[-81.276662,42.208665],[-80.520233,42.323782],[-80.520233,40.646781],[-80.676849,40.588798],[-80.605121,40.485942],[-80.628876,40.386381],[-80.600555,40.323344],[-80.735346,40.080009],[-80.758685,39.929399],[-80.802045,39.925004],[-80.796747,39.868681],[-80.871014,39.77122],[-80.841107,39.701127],[-80.875238,39.628788],[-81.211639,39.406279],[-81.368695,39.351029],[-81.420526,39.406279],[-81.463153,39.406547],[-81.554266,39.344218],[-81.580975,39.275321],[-81.68244,39.271],[-81.753705,39.177665],[-81.754559,39.105278],[-81.818475,39.079765],[-81.777094,39.034965],[-81.763983,38.937236],[-81.824286,38.954423],[-81.901679,38.874247],[-81.937445,38.99058],[-82.002972,39.021708],[-82.058368,39.003227],[-82.20871,38.78599],[-82.17746,38.611796],[-82.277118,38.588285],[-82.34953,38.437944],[-82.588983,38.418754],[-82.698212,38.535453],[-82.82663,38.586479],[-82.898212,38.751615],[-83.030975,38.715873],[-83.151532,38.618949],[-83.305072,38.601445],[-83.368695,38.65977],[-83.534296,38.707402],[-83.616205,38.682865],[-83.650702,38.636039],[-83.714276,38.638529],[-83.865863,38.762236],[-84.083978,38.777763],[-84.217572,38.823466],[-84.306903,39.016899],[-84.465936,39.111454],[-84.637225,39.077299],[-84.730048,39.14622],[-84.823529,39.097416],[-84.806075,41.696806],[-83.413763,41.735267],[-83.130862,41.938029]]]}},{"type":"Feature","properties":{"name":"Pennsylvania","abbr":"PA"},"geometry":{"type":"Polygon","coordinates":[[[-80.520233,42.323782],[-80.246596,42.365477],[-79.763007,42.537705],[-79.762909,41.999858],[-75.338983,41.997392],[-75.263055,41.948002],[-75.249139,41.882402],[-75.164716,41.876567],[-75.078949,41.82808],[-75.106024,41.797196],[-75.055878,41.774906],[-75.061005,41.605375],[-74.984345,41.498295],[-74.886298,41.448344],[-74.74162,41.431401],[-74.704462,41.376127],[-74.698554,41.354521],[-74.844696,41.272978],[-74.886298,41.180839],[-75.026996,41.046806],[-75.128827,40.998051],[-75.057611,40.872343],[-75.105438,40.795634],[-75.188739,40.758549],[-75.198163,40.700541],[-75.182196,40.57039],[-75.088788,40.558329],[-75.054315,40.43538],[-75.01369,40.403324],[-74.97453,40.414579],[-74.728632,40.163237],[-75.1197,39.974189],[-75.147776,39.902574],[-75.376454,39.845038],[-75.424463,39.806614],[-75.529315,39.837846],[-75.652118,39.825346],[-75.776996,39.721049],[-80.519403,39.721488],[-80.520233,42.323782]]]}},{"type":"Feature","properties":{"name":"New York","abbr":"NY"},"geometry":{"type":"MultiPolygon","coordinates":[[[[-79.763007,42.537705],[-79.019384,42.802686],[-78.918951,42.889244],[-78.915256,42.947612],[-79.031967,43.013422],[-79.02326,43.058071],[-79.065273,43.105897],[-79.058425,43.277799],[-79.17431,43.464532],[-78.688086,43.631808],[-76.841532,43.625504],[-76.797194,43.64527],[-76.454631,44.084235],[-76.327765,44.18149],[-76.185758,44.225674],[-76.178679,44.278642],[-76.067264,44.347992],[-75.870325,44.408608],[-75.69969,44.581673],[-75.129647,44.925166],[-74.88651,45.009398],[-73.351341,45.004634],[-73.336859,44.940678],[-73.377802,44.856962],[-73.336469,44.78936],[-73.377313,44.618681],[-73.293134,44.45435],[-73.332684,44.363847],[-73.324628,44.241947],[-73.380878,44.201127],[-73.438544,44.059672],[-73.363397,43.779496],[-73.425043,43.606889],[-73.406708,43.570341],[-73.351971,43.625102],[-73.308856,43.626274],[-73.24704,43.552006],[-73.288126,42.797436],[-73.265516,42.745601],[-73.507245,42.078984],[-73.480536,42.054545],[-73.544696,41.294926],[-73.4841,41.217924],[-73.722968,41.103495],[-73.642865,41.001065],[-73.811676,40.871039],[-73.797685,40.813194],[-73.932281,40.817776],[-73.871571,41.115546],[-73.885894,41.187567],[-73.957021,41.257758],[-73.947336,41.311103],[-73.984975,41.269599],[-73.917877,41.16352],[-73.907135,40.99079],[-74.698993,41.356254],[-74.74162,41.431401],[-74.96723,41.486918],[-75.061005,41.605375],[-75.055878,41.774906],[-75.106024,41.797196],[-75.078949,41.82808],[-75.164716,41.876567],[-75.249139,41.882402],[-75.263055,41.948002],[-75.338983,41.997392],[-79.762909,41.999858],[-79.763007,42.537705]]],[[[-73.93338,40.797187],[-73.975806,40.714013],[-74.016916,40.699286],[-73.928049,40.877509],[-73.93338,40.797187]]],[[[-73.256144,40.639052],[-73.57412,40.575093],[-73.339384,40.644593],[-73.256144,40.639052]]],[[[-74.126088,40.63349],[-74.076716,40.648744],[-74.053569,40.602704],[-74.133918,40.532668],[-74.250831,40.501397],[-74.191802,40.628264],[-74.126088,40.63349]]],[[[-72.881511,40.7344],[-73.147532,40.644314],[-73.305046,40.629922],[-72.881511,40.7344]]],[[[-71.918935,41.064887],[-71.857411,41.071723],[-71.88497,41.045397],[-72.406658,40.862072],[-72.460764,40.852607],[-72.447418,40.879096],[-72.496571,40.884101],[-72.502309,40.839057],[-72.723955,40.770419],[-72.650516,40.797455],[-72.726961,40.807789],[-72.828009,40.789708],[-72.852792,40.749423],[-73.012196,40.749579],[-73.15803,40.699741],[-73.233323,40.714505],[-73.652865,40.601351],[-73.69579,40.621527],[-73.710447,40.595115],[-73.581801,40.584486],[-73.76805,40.589643],[-73.93947,40.541959],[-73.77142,40.623319],[-73.868849,40.640104],[-73.877761,40.582096],[-73.988125,40.56937],[-74.03999,40.619786],[-73.9086,40.788677],[-73.757522,40.771111],[-73.755523,40.83279],[-73.714589,40.804796],[-73.696889,40.821885],[-73.733062,40.843695],[-73.720204,40.866238],[-73.65331,40.82392],[-73.632655,40.899586],[-73.520463,40.917602],[-73.549098,40.890985],[-73.479828,40.877244],[-73.485687,40.945626],[-73.431304,40.933295],[-73.420318,40.900417],[-73.358266,40.900417],[-73.401931,40.954404],[-73.235341,40.907823],[-73.113149,40.973456],[-73.091298,40.94835],[-73.076223,40.971945],[-72.628326,40.983588],[-72.275543,41.162624],[-72.246897,41.135443],[-72.412343,41.064887],[-72.385081,41.04446],[-72.437408,41.025702],[-72.437734,40.984198],[-72.52066,40.985175],[-72.624623,40.907823],[-72.480847,40.897937],[-72.326539,40.999224],[-72.321523,41.035834],[-72.270104,41.002428],[-72.233709,41.044066],[-72.186752,41.009163],[-72.155385,41.054999],[-72.108998,41.00141],[-71.918935,41.064887]]],[[[-71.998734,41.251666],[-72.038798,41.249447],[-72.02213,41.276858],[-71.920732,41.291396],[-71.998734,41.251666]]],[[[-72.341559,41.090652],[-72.280482,41.078895],[-72.275527,41.031833],[-72.371306,41.054992],[-72.341559,41.090652]]],[[[-72.131022,41.120472],[-72.078431,41.099964],[-72.100823,41.054246],[-72.131022,41.120472]]]]}},{"type":"Feature","properties":{"name":"Vermont","abbr":"VT"},"geometry":{"type":"Polygon","coordinates":[[[-73.351341,45.004634],[-71.505848,45.013731],[-71.535126,44.973832],[-71.514618,44.895048],[-71.635004,44.740312],[-71.549384,44.586552],[-71.593475,44.569779],[-71.598285,44.515141],[-71.678021,44.446122],[-71.859442,44.347685],[-72.020087,44.317704],[-72.054804,44.104545],[-72.117938,44.000932],[-72.10058,43.97332],[-72.180756,43.88477],[-72.213544,43.784623],[-72.306317,43.720072],[-72.33288,43.613505],[-72.391766,43.557695],[-72.40368,43.300248],[-72.438446,43.252861],[-72.470966,43.005741],[-72.521893,42.975517],[-72.555463,42.877958],[-72.466815,42.729277],[-73.276237,42.746112],[-73.24704,43.552006],[-73.308856,43.626274],[-73.351971,43.625102],[-73.406708,43.570341],[-73.425043,43.606889],[-73.363397,43.779496],[-73.438544,44.059672],[-73.380878,44.201127],[-73.324628,44.241947],[-73.332684,44.363847],[-73.293134,44.45435],[-73.377313,44.618681],[-73.336469,44.78936],[-73.377802,44.856962],[-73.336859,44.940678],[-73.351341,45.004634]]]}},{"type":"Feature","properties":{"name":"New Hampshire","abbr":"NH"},"geometry":{"type":"Polygon","coordinates":[[[-71.505848,45.013731],[-71.406567,45.204942],[-71.449045,45.226905],[-71.311534,45.294136],[-71.160329,45.245767],[-71.084952,45.304293],[-70.957831,43.562211],[-70.976849,43.394511],[-70.821942,43.247074],[-70.825116,43.161454],[-70.744089,43.083808],[-70.754506,43.058987],[-70.708485,43.045233],[-70.814281,42.877295],[-70.925555,42.886528],[-71.140985,42.815946],[-71.296307,42.702055],[-72.466718,42.729228],[-72.555463,42.877958],[-72.521893,42.975517],[-72.470966,43.005741],[-72.438446,43.252861],[-72.40368,43.300248],[-72.391766,43.557695],[-72.33288,43.613505],[-72.306317,43.720072],[-72.213544,43.784623],[-72.180756,43.88477],[-72.10058,43.97332],[-72.117938,44.000932],[-72.054804,44.104545],[-72.020087,44.317704],[-71.859442,44.347685],[-71.678021,44.446122],[-71.598285,44.515141],[-71.593475,44.569779],[-71.549384,44.586552],[-71.635004,44.740312],[-71.514618,44.895048],[-71.535126,44.973832],[-71.505848,45.013731]]]}},{"type":"Feature","properties":{"name":"Maine","abbr":"ME"},"geometry":{"type":"MultiPolygon","coordinates":[[[[-71.084952,45.304293],[-70.968118,45.34452],[-70.892412,45.234604],[-70.835258,45.309794],[-70.812986,45.42343],[-70.696739,45.388652],[-70.641316,45.408496],[-70.730329,45.507973],[-70.589614,45.651788],[-70.419315,45.716901],[-70.415232,45.804389],[-70.262528,45.923038],[-70.255939,45.948876],[-70.316298,45.982982],[-70.29201,46.048663],[-70.312629,46.079566],[-70.244002,46.141009],[-70.280899,46.211857],[-70.188398,46.358412],[-70.074323,46.419545],[-70.007763,46.704075],[-69.25091,47.452919],[-69.069655,47.431886],[-69.057486,47.269467],[-68.906229,47.190221],[-68.644203,47.245283],[-68.518009,47.304762],[-68.385614,47.301713],[-68.347839,47.358506],[-68.299728,47.367833],[-67.993184,47.223217],[-67.808699,47.075138],[-67.784566,45.960142],[-67.757849,45.919472],[-67.799242,45.875651],[-67.772835,45.828057],[-67.807045,45.71287],[-67.607522,45.620059],[-67.431306,45.597941],[-67.42619,45.533449],[-67.493214,45.493142],[-67.428825,45.38705],[-67.471303,45.266282],[-67.31922,45.153886],[-67.254986,45.205045],[-67.176015,45.178656],[-67.203887,45.157497],[-67.172393,45.155137],[-67.040069,44.973171],[-67.062734,44.931423],[-67.117299,44.94835],[-67.121693,44.894558],[-67.203399,44.904893],[-67.148671,44.815538],[-67.141835,44.863308],[-67.10029,44.849636],[-67.08849,44.888129],[-67.066151,44.822292],[-67.04365,44.83397],[-67.059316,44.897447],[-66.977325,44.815538],[-67.073598,44.767117],[-67.196482,44.644232],[-67.261993,44.657701],[-67.280548,44.631374],[-67.326853,44.657253],[-67.332021,44.709499],[-67.395741,44.698839],[-67.367218,44.627468],[-67.409413,44.595811],[-67.434682,44.659206],[-67.457143,44.66474],[-67.454335,44.6046],[-67.554392,44.64407],[-67.593739,44.616319],[-67.565867,44.609809],[-67.56904,44.538682],[-67.603464,44.528103],[-67.65921,44.566677],[-67.728017,44.503201],[-67.744578,44.595811],[-67.786122,44.527533],[-67.782664,44.601508],[-67.828359,44.584255],[-67.874867,44.541775],[-67.847605,44.497097],[-67.88915,44.486558],[-67.902211,44.397203],[-67.923451,44.437771],[-67.902211,44.486558],[-67.937001,44.408637],[-67.977895,44.499132],[-67.988759,44.466498],[-68.028798,44.468533],[-67.984731,44.445583],[-67.974721,44.39529],[-68.015004,44.393744],[-68.060536,44.328315],[-68.111521,44.480089],[-68.1492,44.500759],[-68.181589,44.459093],[-68.202016,44.525092],[-68.222117,44.466295],[-68.258494,44.520697],[-68.308136,44.529039],[-68.272735,44.45185],[-68.354685,44.466091],[-68.409291,44.404649],[-68.431874,44.486599],[-68.47822,44.493394],[-68.464792,44.389838],[-68.485056,44.431912],[-68.574412,44.410834],[-68.54308,44.366156],[-68.555857,44.306179],[-68.520863,44.280015],[-68.546498,44.274278],[-68.512929,44.246365],[-68.541371,44.237331],[-68.732045,44.328315],[-68.82079,44.314643],[-68.803944,44.369249],[-68.762807,44.363064],[-68.766225,44.397203],[-68.69933,44.409695],[-68.718373,44.445583],[-68.816192,44.402086],[-68.742624,44.537299],[-68.801625,44.560289],[-68.827626,44.479112],[-68.807118,44.472927],[-68.986602,44.421169],[-68.937489,44.331977],[-68.998972,44.294786],[-69.088328,44.136501],[-69.065216,44.067613],[-69.142039,43.998725],[-69.191396,43.993109],[-69.191396,43.952175],[-69.263417,43.929918],[-69.219472,44.00849],[-69.310536,43.941636],[-69.303171,43.981228],[-69.369496,43.972642],[-69.347157,44.007758],[-69.364288,44.060533],[-69.440907,43.981391],[-69.49413,43.851101],[-69.512929,43.834906],[-69.540232,43.897569],[-69.547637,43.834906],[-69.567494,43.941636],[-69.533966,44.021023],[-69.585805,43.948472],[-69.592397,43.807725],[-69.594757,43.849107],[-69.670115,43.873562],[-69.649403,43.924262],[-69.622792,43.917426],[-69.656931,43.955268],[-69.629587,44.027289],[-69.759226,43.88642],[-69.731964,43.869574],[-69.746287,43.814399],[-69.704701,43.842027],[-69.758005,43.759508],[-69.807281,43.98314],[-69.782541,44.057359],[-69.882802,43.97663],[-69.821604,43.961005],[-69.790639,43.7331],[-69.839304,43.709255],[-69.841257,43.818061],[-69.879262,43.870551],[-69.90392,43.856553],[-69.883005,43.800564],[-69.984853,43.726345],[-69.9263,43.828559],[-69.942128,43.841498],[-70.027455,43.739936],[-69.951121,43.849107],[-70.020009,43.82864],[-69.985829,43.862779],[-70.182607,43.757066],[-70.239125,43.700059],[-70.232289,43.664171],[-70.286855,43.650499],[-70.210886,43.635037],[-70.204945,43.561143],[-70.343739,43.539496],[-70.368398,43.467231],[-70.321645,43.452501],[-70.570546,43.298489],[-70.58259,43.188625],[-70.671946,43.085598],[-70.71467,43.121934],[-70.744089,43.083808],[-70.825116,43.161454],[-70.821942,43.247074],[-70.976849,43.394511],[-70.957831,43.562211],[-71.084952,45.304293]]],[[[-69.664052,43.78913],[-69.673166,43.852932],[-69.647125,43.837307],[-69.664052,43.78913]]],[[[-69.66926,43.955797],[-69.714833,43.859442],[-69.722646,43.90762],[-69.66926,43.955797]]],[[[-68.60676,44.088609],[-68.608062,44.023505],[-68.656239,44.010484],[-68.651031,44.065172],[-68.60676,44.088609]]],[[[-68.811187,44.148505],[-68.942698,44.117255],[-68.85676,44.181057],[-68.811187,44.148505]]],[[[-68.390614,44.162828],[-68.432281,44.128974],[-68.5065,44.160224],[-68.459625,44.184963],[-68.390614,44.162828]]],[[[-68.920562,44.237047],[-68.942698,44.290432],[-68.901031,44.311265],[-68.920562,44.237047]]],[[[-68.489573,44.347724],[-68.484364,44.31387],[-68.529937,44.330797],[-68.511708,44.378974],[-68.489573,44.347724]]],[[[-68.868479,44.381578],[-68.903635,44.319078],[-68.911448,44.365953],[-68.868479,44.381578]]],[[[-67.566396,44.461005],[-67.584625,44.444078],[-67.614573,44.51439],[-67.582021,44.51439],[-67.566396,44.461005]]],[[[-67.045115,44.927151],[-67.038157,44.954901],[-66.989573,44.89761],[-67.045115,44.927151]]],[[[-68.848134,44.095526],[-68.774648,44.061876],[-68.81546,44.031928],[-68.869252,44.048367],[-68.868031,44.079372],[-68.910186,44.095526],[-68.848134,44.095526]]],[[[-68.642079,44.260037],[-68.60851,44.212836],[-68.656361,44.199164],[-68.622792,44.171332],[-68.716339,44.167344],[-68.724599,44.219062],[-68.69046,44.219062],[-68.678944,44.269639],[-68.642079,44.260037]]],[[[-68.244822,44.424506],[-68.176544,44.328315],[-68.240834,44.294542],[-68.31371,44.308417],[-68.296335,44.250067],[-68.326039,44.225898],[-68.414052,44.258612],[-68.433868,44.312038],[-68.375762,44.404079],[-68.315907,44.436957],[-68.244822,44.424506]]]]}},{"type":"Feature","properties":{"name":"Arizona","abbr":"AZ"},"geometry":{"type":"Polygon","coordinates":[[[-111.006269,31.327185],[-114.822108,32.50024],[-114.802678,32.594497],[-114.720795,32.724565],[-114.682929,32.7481],[-114.535858,32.738237],[-114.522186,32.807133],[-114.460736,32.854911],[-114.501727,33.019413],[-114.666815,33.054154],[-114.696747,33.08936],[-114.673016,33.204985],[-114.723505,33.321244],[-114.698138,33.368412],[-114.726898,33.411479],[-114.625848,33.437138],[-114.532611,33.568559],[-114.488055,33.725126],[-114.515936,33.963627],[-114.428583,34.029081],[-114.382147,34.12371],[-114.224262,34.198075],[-114.119061,34.293217],[-114.12514,34.327787],[-114.368964,34.471537],[-114.421112,34.634281],[-114.616962,34.879301],[-114.638861,35.047807],[-114.611591,35.082572],[-114.638861,35.123539],[-114.581805,35.151347],[-114.571942,35.212553],[-114.590887,35.352885],[-114.667621,35.517045],[-114.645062,35.630644],[-114.69455,35.76707],[-114.668939,35.88538],[-114.741278,36.013627],[-114.707147,36.108842],[-114.554779,36.160527],[-114.442914,36.12769],[-114.356415,36.14434],[-114.233637,36.024418],[-114.123895,36.045854],[-114.042011,36.219779],[-114.040204,37.003129],[-109.046625,36.999809],[-109.04743,31.327391],[-111.006269,31.327185]]]}},{"type":"Feature","properties":{"name":"California","abbr":"CA"},"geometry":{"type":"MultiPolygon","coordinates":[[[[-114.724285,32.712836],[-117.125121,32.531669],[-117.14981,32.646308],[-117.226186,32.697207],[-117.168058,32.698805],[-117.115089,32.600262],[-117.133209,32.689846],[-117.174638,32.726732],[-117.237834,32.707223],[-117.236562,32.669623],[-117.255279,32.691392],[-117.283597,32.837654],[-117.253641,32.885081],[-117.322161,33.108501],[-117.508844,33.335205],[-118.117387,33.743607],[-118.20721,33.763834],[-118.192863,33.731729],[-118.221506,33.770901],[-118.254552,33.765401],[-118.291307,33.703208],[-118.412041,33.741678],[-118.427569,33.773731],[-118.391388,33.835941],[-118.514068,34.022162],[-118.666589,34.038945],[-118.806969,33.999406],[-119.128653,34.100547],[-119.217087,34.145502],[-119.281158,34.268704],[-119.563175,34.414795],[-119.878636,34.406613],[-120.133412,34.472724],[-120.454107,34.442812],[-120.509986,34.521375],[-120.636627,34.562893],[-120.603054,34.704782],[-120.640248,34.758531],[-120.615573,34.858003],[-120.672839,34.907521],[-120.633697,35.035102],[-120.644887,35.13939],[-120.70637,35.174221],[-120.765534,35.160242],[-120.876682,35.22379],[-120.895591,35.273514],[-120.862244,35.361905],[-120.85558,35.321519],[-120.831405,35.336088],[-120.887318,35.432929],[-121.005362,35.460657],[-121.169402,35.636919],[-121.288313,35.66483],[-121.337232,35.786529],[-121.463201,35.886731],[-121.506678,36.00326],[-121.566739,36.020117],[-121.677921,36.162675],[-121.899661,36.3044],[-121.95693,36.517618],[-121.927533,36.523852],[-121.932528,36.555129],[-121.981115,36.583717],[-121.937695,36.639249],[-121.870004,36.607212],[-121.805359,36.737739],[-121.763743,36.722073],[-121.803205,36.750459],[-121.804246,36.836018],[-121.905601,36.969126],[-122.134991,36.965726],[-122.33929,37.118582],[-122.404457,37.194526],[-122.400338,37.359741],[-122.44916,37.476655],[-122.520472,37.531421],[-122.49474,37.665229],[-122.515172,37.781126],[-122.408637,37.810392],[-122.354544,37.730008],[-122.392455,37.71033],[-122.38373,37.63146],[-122.354142,37.613507],[-122.374109,37.604187],[-122.250966,37.568061],[-122.100168,37.455064],[-122.03214,37.463364],[-122.109039,37.517971],[-122.191863,37.700313],[-122.251766,37.722777],[-122.26235,37.743003],[-122.217293,37.758486],[-122.331509,37.782388],[-122.340657,37.807116],[-122.295502,37.831292],[-122.313902,37.885829],[-122.391088,37.907675],[-122.429698,37.964262],[-122.397725,37.956117],[-122.366306,38.012336],[-122.299041,38.011198],[-122.22704,38.058417],[-122.147939,38.023627],[-122.00399,38.056136],[-121.690044,38.009119],[-121.720606,38.032117],[-121.606679,38.099351],[-121.576519,38.074307],[-121.620623,38.061825],[-121.61276,38.021491],[-121.569305,38.065844],[-121.445383,38.003892],[-121.604075,38.10578],[-121.778709,38.036019],[-121.682602,38.147193],[-121.80308,38.062883],[-121.89817,38.053221],[-121.928822,38.058417],[-121.908315,38.078843],[-122.014955,38.098511],[-121.985992,38.110704],[-122.000296,38.137312],[-122.055165,38.133734],[-122.13029,38.042142],[-122.260888,38.069433],[-122.39652,38.153231],[-122.502317,38.113521],[-122.482488,38.076881],[-122.50605,38.017172],[-122.445336,37.985123],[-122.492543,37.969794],[-122.50344,37.924812],[-122.438801,37.882083],[-122.459009,37.862485],[-122.499029,37.89359],[-122.470391,37.831832],[-122.528426,37.816372],[-122.645199,37.898816],[-122.727738,37.90304],[-122.821432,37.99767],[-122.921112,38.034871],[-122.920142,38.065312],[-122.97907,38.014516],[-122.962504,37.992048],[-123.027453,37.994489],[-122.949648,38.143991],[-122.996297,38.24273],[-122.832265,38.095893],[-123.00228,38.294859],[-123.06244,38.295903],[-123.128729,38.44931],[-123.336979,38.567259],[-123.433607,38.686795],[-123.726242,38.918576],[-123.742607,38.955624],[-123.689076,39.027899],[-123.824924,39.347296],[-123.769444,39.563728],[-123.854019,39.833514],[-124.076052,40.027217],[-124.115793,40.107123],[-124.36351,40.261481],[-124.348283,40.318907],[-124.409202,40.443818],[-124.239738,40.758709],[-124.259498,40.69841],[-124.22576,40.686123],[-124.182743,40.799903],[-124.082483,40.843502],[-124.154968,40.861727],[-124.232841,40.766643],[-124.110413,41.015253],[-124.164053,41.13222],[-124.124262,41.181809],[-124.062155,41.435876],[-124.068349,41.539252],[-124.103098,41.566555],[-124.159459,41.736675],[-124.262895,41.776428],[-124.218837,41.850006],[-124.214521,41.99954],[-120.000751,41.99954],[-120.000018,38.999223],[-118.126215,37.691337],[-114.628217,35.003569],[-114.616962,34.879301],[-114.421112,34.634281],[-114.368964,34.471537],[-114.12514,34.327787],[-114.119061,34.293217],[-114.224262,34.198075],[-114.382147,34.12371],[-114.428583,34.029081],[-114.515936,33.963627],[-114.488055,33.725126],[-114.532611,33.568559],[-114.625848,33.437138],[-114.726898,33.411479],[-114.698138,33.368412],[-114.723505,33.321244],[-114.673016,33.204985],[-114.696747,33.08936],[-114.666815,33.054154],[-114.501727,33.019413],[-114.460736,32.854911],[-114.522186,32.807133],[-114.535858,32.738237],[-114.682929,32.7481],[-114.724285,32.712836]]],[[[-118.358766,32.827828],[-118.429043,32.802873],[-118.49915,32.850628],[-118.607215,33.030856],[-118.564367,33.023762],[-118.358766,32.827828]]],[[[-119.488604,33.267188],[-119.434337,33.224012],[-119.495365,33.217327],[-119.578926,33.276097],[-119.488604,33.267188]]],[[[-118.515654,33.423005],[-118.602116,33.47147],[-118.535861,33.477278],[-118.369206,33.408393],[-118.30434,33.30904],[-118.463586,33.323514],[-118.486346,33.415968],[-118.515654,33.423005]]],[[[-120.044139,34.037273],[-120.047004,34.003813],[-119.980407,33.983467],[-119.96883,33.941117],[-120.109891,33.89314],[-120.248517,34.001127],[-120.044139,34.037273]]],[[[-120.344582,34.046492],[-120.308301,34.0182],[-120.449203,34.035866],[-120.369068,34.076225],[-120.344582,34.046492]]],[[[-119.529426,34.025248],[-119.559521,33.994309],[-119.817205,33.959338],[-119.874109,33.980047],[-119.877222,34.032483],[-119.933019,34.060229],[-119.759263,34.055809],[-119.633183,34.013635],[-119.564931,34.055325],[-119.529426,34.025248]]],[[[-118.234676,33.763153],[-118.257629,33.716554],[-118.267506,33.747029],[-118.234676,33.763153]]]]}},{"type":"Feature","properties":{"name":"New Mexico","abbr":"NM"},"geometry":{"type":"Polygon","coordinates":[[[-108.137503,31.777545],[-108.215121,31.777751],[-108.214811,31.327443],[-109.04743,31.327391],[-109.046625,36.999809],[-103.0008,36.999809],[-103.000238,36.500199],[-103.042108,36.499589],[-103.065595,32.001689],[-106.662177,32.000297],[-106.600726,31.835942],[-106.506052,31.770258],[-108.137503,31.777545]]]}},{"type":"Feature","properties":{"name":"Texas","abbr":"TX"},"geometry":{"type":"MultiPolygon","coordinates":[[[[-106.473135,31.755065],[-106.600726,31.835942],[-106.662177,32.000297],[-103.065595,32.001689],[-103.042108,36.499589],[-100.002387,36.499858],[-99.999286,34.575468],[-99.882001,34.564921],[-99.680804,34.394682],[-99.547284,34.412455],[-99.416473,34.380375],[-99.362372,34.46226],[-99.265497,34.411552],[-99.192059,34.322221],[-99.175922,34.22061],[-98.975262,34.215898],[-98.720062,34.136625],[-98.586005,34.157109],[-98.490692,34.075175],[-98.416547,34.079008],[-98.34328,34.143461],[-98.106512,34.149662],[-98.088397,34.027836],[-97.955951,33.995317],[-97.9591,33.893022],[-97.926654,33.873149],[-97.840228,33.868022],[-97.640643,33.994511],[-97.602826,33.978984],[-97.585736,33.906352],[-97.469257,33.892143],[-97.436444,33.826957],[-97.360443,33.833647],[-97.30578,33.877983],[-97.267035,33.855448],[-97.211786,33.910063],[-97.177655,33.86912],[-97.20058,33.786576],[-97.14411,33.725126],[-97.093817,33.742338],[-97.054755,33.824418],[-97.075238,33.86165],[-97.01767,33.858549],[-96.985077,33.939897],[-96.932709,33.957328],[-96.889203,33.941459],[-96.850775,33.871928],[-96.748407,33.848881],[-96.691962,33.854618],[-96.649359,33.915971],[-96.6008,33.904887],[-96.581976,33.838725],[-96.496454,33.786576],[-96.410468,33.786576],[-96.328778,33.70186],[-96.28952,33.763041],[-96.202728,33.763676],[-96.146698,33.828178],[-95.937885,33.895561],[-95.860394,33.853959],[-95.78327,33.855448],[-95.769623,33.89644],[-95.598114,33.952079],[-95.497089,33.875321],[-95.35705,33.868217],[-95.268597,33.90457],[-95.220306,33.962944],[-94.966522,33.855253],[-94.872748,33.755912],[-94.466913,33.644047],[-94.431488,33.590824],[-94.38205,33.587944],[-94.387421,33.561796],[-94.193182,33.593925],[-94.047284,33.554154],[-94.043231,31.998197],[-93.840057,31.790361],[-93.813446,31.70811],[-93.829608,31.593827],[-93.726703,31.514994],[-93.743256,31.473002],[-93.654462,31.373637],[-93.675897,31.320048],[-93.600458,31.198002],[-93.548456,31.192533],[-93.559589,31.097123],[-93.514764,31.042045],[-93.577557,31.008403],[-93.538153,30.943901],[-93.573846,30.89849],[-93.573846,30.819682],[-93.730536,30.565654],[-93.703583,30.473344],[-93.755804,30.373368],[-93.710394,30.264775],[-93.717206,30.079814],[-93.798421,29.985607],[-93.854075,29.986558],[-93.924399,29.865622],[-93.932712,29.776194],[-93.875844,29.723375],[-93.875803,29.675035],[-94.101959,29.6706],[-94.654286,29.45189],[-94.762766,29.366523],[-94.790639,29.380032],[-94.700999,29.462795],[-94.580881,29.524237],[-94.504465,29.526028],[-94.485951,29.566107],[-94.77905,29.529877],[-94.692741,29.69634],[-94.734055,29.782241],[-94.806743,29.781989],[-94.876076,29.665842],[-94.919597,29.655327],[-95.05228,29.749748],[-95.064076,29.712877],[-94.985801,29.674985],[-95.015723,29.644522],[-94.984519,29.60612],[-95.023915,29.542182],[-94.907798,29.49631],[-94.965077,29.469631],[-94.942942,29.422024],[-94.917307,29.442288],[-94.821116,29.373969],[-94.888824,29.375963],[-94.912913,29.315579],[-94.950795,29.318793],[-95.115875,29.17475],[-95.170522,29.20893],[-95.158925,29.045722],[-95.367747,28.887152],[-95.601918,28.763861],[-95.951975,28.688707],[-95.940175,28.625718],[-95.719228,28.715481],[-96.218861,28.489488],[-95.984934,28.613105],[-95.987782,28.644843],[-96.226471,28.587144],[-96.136871,28.626654],[-96.215443,28.629381],[-96.188059,28.690863],[-96.260406,28.688707],[-96.345774,28.635321],[-96.390207,28.688707],[-96.38329,28.730048],[-96.444814,28.763861],[-96.424306,28.708645],[-96.397613,28.712063],[-96.416819,28.643704],[-96.3697,28.626654],[-96.493235,28.578925],[-96.444814,28.597357],[-96.447133,28.635647],[-96.48469,28.612616],[-96.497385,28.644761],[-96.554677,28.647162],[-96.578521,28.712063],[-96.650868,28.729722],[-96.608632,28.578925],[-96.493235,28.510647],[-96.547597,28.469306],[-96.4735,28.493557],[-96.403798,28.434882],[-96.653717,28.319485],[-96.698313,28.335883],[-96.709218,28.399848],[-96.793324,28.479722],[-96.813303,28.457994],[-96.766957,28.410712],[-96.844472,28.415595],[-96.781158,28.331855],[-96.782338,28.241604],[-96.880238,28.150621],[-96.945058,28.126451],[-96.910308,28.263617],[-96.95934,28.215766],[-96.973012,28.133938],[-97.020172,28.140082],[-97.013987,28.20897],[-97.110219,28.153632],[-97.173248,28.159003],[-97.157338,28.133857],[-97.217519,28.074774],[-97.154286,28.044623],[-97.149078,28.00552],[-97.106109,28.07095],[-97.034413,28.119574],[-97.021067,28.100328],[-97.027496,28.036689],[-97.184071,27.836615],[-97.232493,27.824774],[-97.211985,27.832221],[-97.267201,27.879381],[-97.521067,27.873196],[-97.48705,27.835273],[-97.390736,27.845893],[-97.371816,27.755316],[-97.259592,27.695054],[-97.411204,27.335028],[-97.541575,27.290351],[-97.461293,27.343655],[-97.489369,27.350653],[-97.486928,27.400214],[-97.630238,27.300238],[-97.774281,27.468492],[-97.691762,27.340481],[-97.706654,27.317694],[-97.667633,27.310858],[-97.700698,27.285943],[-97.774281,27.297797],[-97.559661,27.234805],[-97.426096,27.263658],[-97.445953,27.132717],[-97.498199,27.100735],[-97.480702,27.021959],[-97.562815,26.99372],[-97.545522,26.918647],[-97.481313,26.877631],[-97.493153,26.858344],[-97.548411,26.899888],[-97.562001,26.837877],[-97.493031,26.791734],[-97.418609,26.502021],[-97.431711,26.523179],[-97.472646,26.495836],[-97.438547,26.485297],[-97.447865,26.420152],[-97.370229,26.372301],[-97.377065,26.337592],[-97.340199,26.34162],[-97.361073,26.285793],[-97.315785,26.264879],[-97.310536,26.123277],[-97.211985,26.091213],[-97.246693,26.070705],[-97.255605,25.998928],[-97.192616,26.011542],[-97.151845,26.075019],[-97.137522,25.974514],[-97.328447,25.933302],[-97.36599,25.843902],[-97.52027,25.912786],[-97.659874,26.03066],[-97.80201,26.063733],[-98.065457,26.042184],[-98.083311,26.070916],[-98.222656,26.075412],[-98.428845,26.217729],[-98.472383,26.207652],[-98.581627,26.262274],[-98.653663,26.244291],[-98.801329,26.372138],[-99.106427,26.423039],[-99.091492,26.484018],[-99.164873,26.540448],[-99.248278,26.827097],[-99.461728,27.056954],[-99.431988,27.207591],[-99.521362,27.311254],[-99.472916,27.426647],[-99.515006,27.588601],[-99.600169,27.646427],[-99.70037,27.659191],[-99.740445,27.722159],[-99.83292,27.776755],[-99.888007,27.864812],[-99.88134,27.906463],[-99.991127,28.007801],[-100.056498,28.137922],[-100.275089,28.277242],[-100.355549,28.478185],[-100.322631,28.510406],[-100.38423,28.537174],[-100.534453,28.830231],[-100.624318,28.924721],[-100.668967,29.116208],[-100.762501,29.173776],[-100.796143,29.257673],[-101.008068,29.380585],[-101.037782,29.460063],[-101.212861,29.531584],[-101.233919,29.622663],[-101.312158,29.597859],[-101.301073,29.649509],[-101.357684,29.667441],[-101.405098,29.778442],[-101.542893,29.771052],[-101.546458,29.820145],[-101.564907,29.786478],[-101.632216,29.775651],[-101.805978,29.811928],[-102.109344,29.80211],[-102.321011,29.893939],[-102.406096,29.777279],[-102.515288,29.784721],[-102.69104,29.736817],[-102.839067,29.45195],[-102.837672,29.366322],[-102.883069,29.343766],[-102.899709,29.2639],[-102.858781,29.229147],[-102.988386,29.177135],[-103.104684,29.057866],[-103.122771,28.996474],[-103.38663,29.028798],[-103.550238,29.154656],[-103.673125,29.173569],[-103.770767,29.229845],[-103.78366,29.274803],[-104.057313,29.339037],[-104.267171,29.526571],[-104.338484,29.524013],[-104.444008,29.589203],[-104.530824,29.667906],[-104.570279,29.787511],[-104.680479,29.942308],[-104.701589,30.055324],[-104.681564,30.192939],[-104.853259,30.41215],[-104.859254,30.497261],[-104.93434,30.610536],[-105.204917,30.80241],[-105.363771,30.850366],[-105.961202,31.371006],[-106.209249,31.477305],[-106.35849,31.717548],[-106.473135,31.755065]]],[[[-97.198313,26.276109],[-97.179331,26.119829],[-97.260365,26.467963],[-97.397532,26.831],[-97.405019,27.12523],[-97.377065,27.207831],[-97.376291,26.931627],[-97.342885,26.756741],[-97.198313,26.276109]]],[[[-97.075429,27.814521],[-97.259355,27.496175],[-97.351642,27.235171],[-97.397532,27.228909],[-97.245107,27.623196],[-97.25414,27.659654],[-97.205719,27.632961],[-97.075429,27.814521]]],[[[-96.880238,28.130113],[-96.845367,28.121243],[-96.850087,28.071194],[-97.034413,27.852037],[-97.029775,27.90058],[-96.953033,27.994208],[-96.972564,28.009914],[-96.880238,28.130113]]],[[[-96.427724,28.393297],[-96.403798,28.387112],[-96.41686,28.328762],[-96.702626,28.185533],[-96.835805,28.071194],[-96.807769,28.187649],[-96.710357,28.213365],[-96.514963,28.336819],[-96.443227,28.341376],[-96.427724,28.393297]]],[[[-94.81428,29.352932],[-94.724409,29.333155],[-95.116544,29.088993],[-94.81428,29.352932]]]]}},{"type":"Feature","properties":{"name":"Alaska","abbr":"AK"},"geometry":{"type":"MultiPolygon","coordinates":[[[[-141.005564,69.650946],[-140.994929,60.304382],[-140.533743,60.218548],[-140.424111,60.293168],[-140.01579,60.187387],[-139.679816,60.32681],[-139.079465,60.341021],[-139.073186,60.299835],[-139.182146,60.073389],[-139.003759,59.977219],[-138.704888,59.898464],[-138.59921,59.753822],[-137.611363,59.239331],[-137.484394,58.991904],[-137.50876,58.914906],[-137.486875,58.900075],[-136.840816,59.148174],[-136.569489,59.172152],[-136.466549,59.287803],[-136.467557,59.461643],[-136.36684,59.449551],[-136.275036,59.486448],[-136.258474,59.556107],[-136.350329,59.592384],[-136.2585,59.621582],[-135.923818,59.666747],[-135.482759,59.792475],[-135.087874,59.606544],[-135.016198,59.543447],[-135.023252,59.477146],[-135.095754,59.418855],[-134.993254,59.381906],[-135.016198,59.336173],[-134.95783,59.280982],[-134.692084,59.235249],[-134.610771,59.144556],[-134.451013,59.097893],[-134.387167,59.036863],[-134.399389,58.974954],[-134.329651,58.963017],[-134.316939,58.903796],[-134.22219,58.842714],[-133.831129,58.718019],[-133.626283,58.546402],[-133.392241,58.403878],[-133.43012,58.372097],[-133.41503,58.330549],[-133.165588,58.147305],[-133.075154,58.007882],[-132.230994,57.19682],[-132.34122,57.080393],[-132.031859,57.028406],[-132.107384,56.858753],[-131.871558,56.79346],[-131.886028,56.737055],[-131.830424,56.664759],[-131.825592,56.593343],[-131.560363,56.594066],[-131.100546,56.407669],[-130.760334,56.345192],[-130.645768,56.261942],[-130.47229,56.22489],[-130.403974,56.121898],[-130.071539,56.084123],[-130.01901,56.002216],[-130.019618,55.907952],[-130.173655,55.749498],[-130.126454,55.653998],[-130.146962,55.547187],[-130.057525,55.434882],[-130.05012,55.345445],[-129.989247,55.284003],[-130.100494,55.230292],[-130.365387,54.907294],[-130.580312,54.806383],[-130.604604,54.802151],[-130.560943,54.851386],[-130.585113,54.851996],[-130.691274,54.762641],[-130.728871,54.784125],[-130.677846,54.814521],[-130.74356,54.966295],[-130.735951,54.831529],[-130.776926,54.831529],[-130.831899,54.765367],[-130.918324,54.802924],[-130.961903,54.92772],[-130.939687,54.95893],[-131.009674,55.005357],[-130.971018,55.061225],[-130.854156,55.103095],[-130.720326,55.081],[-130.461578,55.331855],[-130.552561,55.287746],[-130.615468,55.19953],[-130.759918,55.096991],[-130.791168,55.099066],[-130.811106,55.146877],[-130.970815,55.085435],[-131.057037,55.126288],[-131.057607,55.198676],[-130.924713,55.294013],[-130.612457,55.297065],[-130.669423,55.328518],[-130.656402,55.352281],[-130.726308,55.314643],[-130.861887,55.312161],[-130.873158,55.622952],[-130.907297,55.681871],[-130.88679,55.708564],[-130.961903,55.783026],[-130.9204,55.810452],[-131.013417,55.818427],[-131.196401,55.971422],[-131.044423,56.058051],[-131.078603,56.058051],[-131.009674,56.112616],[-131.341868,55.960924],[-131.414377,56.010199],[-131.735911,55.886705],[-131.914662,55.859442],[-131.777943,55.825385],[-131.763824,55.797349],[-131.80842,55.729478],[-131.866851,55.729071],[-131.827707,55.667873],[-131.880523,55.5987],[-132.004018,55.667629],[-131.928944,55.589301],[-131.928334,55.530463],[-131.961415,55.501044],[-132.17162,55.588528],[-132.266184,55.756293],[-132.167877,55.722846],[-132.168853,55.802314],[-132.046213,55.817288],[-132.086008,55.845771],[-132.036041,55.893785],[-132.056874,55.944525],[-131.949818,55.972113],[-131.963043,56.157375],[-131.813791,56.19599],[-131.579498,56.179104],[-131.489491,56.22248],[-131.61384,56.205146],[-131.907826,56.232733],[-131.980133,56.365912],[-132.161041,56.380194],[-132.203277,56.471259],[-132.344879,56.528998],[-132.350209,56.579413],[-132.305043,56.640204],[-132.476877,56.604478],[-132.540191,56.631496],[-132.521962,56.674954],[-132.456532,56.674994],[-132.530995,56.708564],[-132.412465,56.808905],[-132.35969,56.818427],[-132.398671,56.824897],[-132.514801,56.755439],[-132.761383,56.845771],[-132.922027,56.982856],[-132.76769,56.969672],[-132.809804,57.05565],[-132.7954,57.092719],[-132.877675,57.021308],[-133.165191,57.086005],[-133.121083,57.144273],[-133.167551,57.169623],[-133.175282,57.141099],[-133.211497,57.141995],[-133.235707,57.173814],[-133.266469,57.113186],[-133.317006,57.102484],[-133.551991,57.181464],[-133.488637,57.220893],[-133.505116,57.251207],[-133.471913,57.281887],[-133.254791,57.281073],[-133.05842,57.331855],[-133.038075,57.367092],[-133.223704,57.319281],[-133.419504,57.34394],[-133.456451,57.380764],[-133.344797,57.405422],[-133.335927,57.438178],[-133.454213,57.431789],[-133.500396,57.47602],[-133.497426,57.531562],[-133.3131,57.592963],[-133.59142,57.574612],[-133.658803,57.620917],[-133.648264,57.702826],[-133.566314,57.716498],[-133.168446,57.579291],[-133.045522,57.503607],[-133.003977,57.51789],[-133.081858,57.53734],[-133.162221,57.627143],[-133.52892,57.750922],[-133.551991,57.915107],[-133.124094,57.857123],[-133.206288,57.89468],[-133.554311,57.929429],[-133.592641,57.857896],[-133.634592,57.887844],[-133.634592,57.805243],[-133.68635,57.790717],[-133.861155,57.956732],[-133.774892,57.988837],[-133.691396,57.942043],[-133.669342,58.017524],[-133.755483,58.030097],[-133.764963,58.062242],[-133.682362,58.155341],[-133.758127,58.134833],[-133.748647,58.106106],[-133.810129,58.044745],[-133.799062,58.011379],[-133.864369,57.986965],[-133.929433,57.99022],[-134.059722,58.07217],[-134.072825,58.113186],[-134.045481,58.127387],[-134.086415,58.196275],[-134.066558,58.285102],[-133.982411,58.315619],[-134.004506,58.408596],[-133.951772,58.432766],[-133.920074,58.497545],[-133.771799,58.524644],[-133.976633,58.504828],[-133.97468,58.449897],[-134.072825,58.422187],[-134.052887,58.367255],[-134.141672,58.305569],[-134.100697,58.247789],[-134.157867,58.204291],[-134.241607,58.214301],[-134.497955,58.353949],[-134.756174,58.381537],[-134.782867,58.493069],[-134.991444,58.682929],[-134.915679,58.655585],[-134.950429,58.820054],[-135.026031,58.793158],[-135.025543,58.737535],[-135.149037,58.843695],[-135.12857,58.895209],[-135.229604,59.125881],[-135.361806,59.270819],[-135.348297,59.470608],[-135.414377,59.300605],[-135.553782,59.31977],[-135.359527,59.213772],[-135.307362,59.086982],[-135.378407,59.124213],[-135.423329,59.205064],[-135.553782,59.230414],[-135.374989,59.086982],[-135.385813,58.954332],[-135.320953,58.915717],[-135.330637,58.877834],[-135.231028,58.771674],[-135.24059,58.73017],[-135.162709,58.634508],[-135.226186,58.612291],[-135.057281,58.351549],[-135.093821,58.23725],[-135.173085,58.21894],[-135.350453,58.276801],[-135.484934,58.483954],[-135.51415,58.465522],[-135.464426,58.411689],[-135.478017,58.373765],[-135.627512,58.426256],[-135.909413,58.381293],[-135.875885,58.463202],[-135.950347,58.463202],[-135.847971,58.470038],[-135.845286,58.546536],[-135.889556,58.579901],[-135.820668,58.600328],[-135.886952,58.612535],[-136.073883,58.812649],[-135.92984,58.881537],[-135.77302,58.904527],[-135.964019,58.922512],[-135.92984,58.902045],[-136.046539,58.861029],[-136.032948,58.922512],[-136.114858,59.02558],[-136.157379,59.037584],[-136.140981,58.95482],[-136.224721,58.922512],[-136.117787,58.933295],[-136.099924,58.853746],[-136.140126,58.782172],[-136.209706,58.7508],[-136.382395,58.806464],[-136.259511,58.826321],[-136.475209,58.836575],[-136.507924,58.904446],[-136.492258,58.970893],[-136.574127,58.915717],[-136.711985,59.02558],[-136.608266,58.908271],[-136.633453,58.891791],[-137.046091,59.069037],[-137.062978,59.043891],[-136.903717,58.93244],[-137.01301,58.922512],[-137.129709,58.826321],[-136.9947,58.893378],[-136.841705,58.882514],[-136.80012,58.839993],[-136.739247,58.874091],[-136.587554,58.848334],[-136.484771,58.799628],[-136.540028,58.771674],[-136.649892,58.820054],[-136.574127,58.77912],[-136.615793,58.771674],[-136.522613,58.747748],[-136.515859,58.702379],[-136.437611,58.669257],[-136.491851,58.749213],[-136.3426,58.691555],[-136.525746,58.614],[-136.475209,58.592922],[-136.401194,58.625718],[-136.327748,58.600328],[-136.351918,58.638495],[-136.301747,58.629218],[-136.29304,58.669257],[-136.183176,58.614],[-136.211049,58.600328],[-136.177561,58.573065],[-136.128245,58.570746],[-136.198598,58.508979],[-136.082509,58.516425],[-136.062327,58.47427],[-136.026723,58.388129],[-136.057281,58.359524],[-136.272817,58.312974],[-136.27245,58.359605],[-136.327748,58.408596],[-136.343088,58.376166],[-136.50593,58.442694],[-136.500315,58.385077],[-136.561147,58.373765],[-136.480336,58.346869],[-136.473297,58.385443],[-136.410064,58.37934],[-136.365712,58.352362],[-136.370595,58.299547],[-136.620513,58.353909],[-136.656728,58.339667],[-136.561147,58.257758],[-136.598378,58.223049],[-136.664784,58.220364],[-136.711415,58.268866],[-136.677235,58.305569],[-136.84911,58.326606],[-136.827382,58.346503],[-136.860504,58.382392],[-136.890126,58.349677],[-136.947499,58.400702],[-137.112294,58.394965],[-137.631459,58.606187],[-137.451975,58.650092],[-137.457672,58.672268],[-137.670644,58.633246],[-137.704742,58.686347],[-137.926096,58.795722],[-137.924184,58.847398],[-137.984364,58.919989],[-138.287913,59.080756],[-138.610015,59.127997],[-138.506947,59.124701],[-138.449086,59.191636],[-138.64387,59.166815],[-138.630483,59.142239],[-138.981679,59.274848],[-139.205881,59.31977],[-139.116526,59.312934],[-139.233795,59.347724],[-139.240061,59.381171],[-139.3037,59.350531],[-139.446278,59.3876],[-139.507558,59.415961],[-139.38915,59.38227],[-139.322581,59.395453],[-139.463124,59.412421],[-139.857004,59.546291],[-139.73351,59.552476],[-139.678863,59.594672],[-139.644887,59.57274],[-139.480051,59.704413],[-139.562082,59.772366],[-139.621083,59.890286],[-139.473215,59.993598],[-139.305165,59.864691],[-139.34203,59.720404],[-139.267323,59.621405],[-139.343088,59.600898],[-139.289906,59.576158],[-139.226389,59.621405],[-139.292226,59.74258],[-139.263336,59.785793],[-139.280385,59.833686],[-139.036366,59.846869],[-138.897369,59.813178],[-139.02831,59.861518],[-139.239003,59.878323],[-139.520904,60.0515],[-139.579945,60.00731],[-139.584828,59.955064],[-139.705963,59.92178],[-139.849029,59.819403],[-140.322743,59.701239],[-140.762685,59.728339],[-141.45401,59.882066],[-141.457631,59.916734],[-141.412424,59.929877],[-141.45401,59.902533],[-141.413197,59.89997],[-141.267323,59.955552],[-141.267893,60.029039],[-141.310048,60.066474],[-141.282094,60.066474],[-141.379547,60.113918],[-141.377675,60.142157],[-141.47761,60.11107],[-141.392934,60.02204],[-141.673492,59.961127],[-141.969106,60.028144],[-142.798492,60.112372],[-143.609609,60.049465],[-143.918609,59.997016],[-144.249623,60.032294],[-144.002553,60.03974],[-144.252553,60.154608],[-144.196441,60.205634],[-144.448557,60.176337],[-144.490712,60.216254],[-144.571116,60.190619],[-144.688385,60.224677],[-144.640004,60.217231],[-144.660512,60.245185],[-144.769887,60.30268],[-144.94164,60.306627],[-144.887034,60.355048],[-144.912465,60.38703],[-144.838002,60.402167],[-144.860707,60.418524],[-144.790842,60.464911],[-144.798411,60.499213],[-144.853179,60.469875],[-144.887034,60.485419],[-144.831776,60.525784],[-144.76061,60.672756],[-144.661204,60.660102],[-144.617909,60.680365],[-144.622792,60.717027],[-144.756093,60.684027],[-144.893219,60.567328],[-145.019521,60.526435],[-145.114003,60.429429],[-145.269521,60.357082],[-145.402659,60.366278],[-145.572581,60.451117],[-145.938754,60.456066],[-145.771799,60.542426],[-145.629018,60.679145],[-145.844594,60.621039],[-145.880198,60.62873],[-145.805043,60.662909],[-145.880198,60.662909],[-145.839182,60.697699],[-146.003651,60.635647],[-145.914296,60.703925],[-145.938791,60.708197],[-146.238759,60.634711],[-146.261301,60.662584],[-146.026112,60.744818],[-146.043446,60.801011],[-146.140859,60.744818],[-146.208567,60.760728],[-146.264027,60.725002],[-146.312123,60.744818],[-146.28425,60.779608],[-146.482289,60.686957],[-146.644195,60.697699],[-146.695709,60.744818],[-146.627431,60.731147],[-146.607004,60.766547],[-146.506703,60.744371],[-146.491526,60.760891],[-146.538075,60.772773],[-146.515696,60.780097],[-146.195465,60.820543],[-146.226145,60.850409],[-146.093088,60.84101],[-146.223459,60.892646],[-146.358306,60.822333],[-146.401519,60.820543],[-146.387278,60.847886],[-146.511464,60.81859],[-146.566803,60.853664],[-146.628285,60.827297],[-146.611399,60.877143],[-146.683502,60.879828],[-146.735422,60.923896],[-146.753163,60.964301],[-146.585846,60.944729],[-146.699818,60.976874],[-146.662221,61.040269],[-146.570465,61.030707],[-146.647939,61.073798],[-146.283762,61.081448],[-146.23644,61.094306],[-146.277984,61.122748],[-146.609446,61.130764],[-146.976715,60.945787],[-147.031565,60.957709],[-146.983754,61.005561],[-147.058827,60.978217],[-147.047231,61.009833],[-147.100657,61.015286],[-147.165273,60.950873],[-147.199127,60.961982],[-147.205149,61.014594],[-147.287913,61.007025],[-147.257314,60.937893],[-147.364613,60.891262],[-147.382965,60.913967],[-147.449859,60.902533],[-147.380971,60.985663],[-147.449574,60.957709],[-147.422597,61.012356],[-147.468861,61.000474],[-147.542063,60.913316],[-147.53246,61.053941],[-147.483998,61.073798],[-147.527252,61.124742],[-147.511342,61.149563],[-147.561147,61.155911],[-147.581858,61.059231],[-147.665273,61.014594],[-147.607411,61.003363],[-147.634185,60.974799],[-147.603831,60.961168],[-147.599029,60.869086],[-147.681956,60.864691],[-147.666086,60.900458],[-147.730458,60.889472],[-147.703114,60.944729],[-147.727651,60.947577],[-147.788645,60.926703],[-147.770131,60.911444],[-147.812978,60.8758],[-147.751373,60.845038],[-147.795562,60.827379],[-147.886098,60.845201],[-147.930816,60.904202],[-148.050404,60.950141],[-147.956939,61.012356],[-147.91808,61.094306],[-147.702138,61.213202],[-147.765207,61.218451],[-147.730458,61.279853],[-148.049428,61.026597],[-148.086252,61.031399],[-148.145945,61.117906],[-148.409495,61.060126],[-148.361073,61.046536],[-148.449818,60.999335],[-148.410349,60.986396],[-148.227651,61.07099],[-148.148752,61.060126],[-148.251943,60.954739],[-148.333119,60.971381],[-148.281199,60.9206],[-148.3072,60.852729],[-148.395823,60.861558],[-148.332875,60.819403],[-148.523427,60.840399],[-148.703684,60.79267],[-148.449818,60.800116],[-148.611195,60.762885],[-148.703684,60.684027],[-148.66747,60.674506],[-148.52953,60.757025],[-148.374705,60.779608],[-148.361073,60.744818],[-148.401967,60.725002],[-148.429921,60.62873],[-148.230702,60.772773],[-148.254954,60.718573],[-148.196604,60.62873],[-148.336985,60.540595],[-148.488474,60.582221],[-148.68989,60.457221],[-148.470204,60.54621],[-148.341542,60.506659],[-148.348378,60.480658],[-148.276601,60.49494],[-148.263783,60.451077],[-148.237538,60.457465],[-148.23412,60.522366],[-148.18456,60.557807],[-148.189768,60.505845],[-148.166371,60.501614],[-148.141306,60.58039],[-148.083608,60.604885],[-148.045766,60.574164],[-148.066843,60.539374],[-148.01179,60.547797],[-147.959828,60.512763],[-147.984731,60.462226],[-147.935902,60.461168],[-148.036855,60.404283],[-148.182322,60.41649],[-148.142445,60.355211],[-148.254587,60.378974],[-148.259755,60.348538],[-148.21703,60.347602],[-148.240915,60.297675],[-148.330027,60.258857],[-148.390859,60.277411],[-148.370798,60.228461],[-148.442983,60.183743],[-148.225819,60.260403],[-148.189768,60.245185],[-148.264841,60.232164],[-148.189768,60.211086],[-148.210194,60.155829],[-148.141306,60.232164],[-148.100331,60.220933],[-148.188832,60.134752],[-148.278635,60.127265],[-148.285959,60.162665],[-148.333119,60.170111],[-148.387929,60.058498],[-148.442983,60.032294],[-148.401967,60.01553],[-148.435374,59.959296],[-148.54601,60.032294],[-148.547841,59.969631],[-148.645579,59.923163],[-148.665232,59.955797],[-148.874989,59.937323],[-148.950673,59.977688],[-149.106882,59.96898],[-149.121409,59.99136],[-149.038808,60.052802],[-149.103098,60.058092],[-149.200185,60.008368],[-149.231272,59.915595],[-149.285878,59.874661],[-149.327463,59.997504],[-149.293324,60.011786],[-149.341135,60.022406],[-149.362864,60.111274],[-149.408681,60.123725],[-149.444407,60.062893],[-149.388905,59.997504],[-149.444163,59.977688],[-149.457834,59.937323],[-149.563669,59.90941],[-149.627878,59.828315],[-149.539744,59.786526],[-149.526723,59.717597],[-149.635935,59.74494],[-149.59496,59.772203],[-149.671986,59.817084],[-149.650095,59.912258],[-149.724721,59.964057],[-149.76594,59.839667],[-149.868113,59.847968],[-149.769114,59.786526],[-149.746083,59.667182],[-149.919911,59.779039],[-150.031687,59.799262],[-150.040639,59.775621],[-149.916493,59.717597],[-150.012685,59.628241],[-150.119252,59.700344],[-150.087839,59.594672],[-150.198354,59.586982],[-150.177195,59.53205],[-150.236887,59.53384],[-150.245473,59.49787],[-150.347971,59.469957],[-150.383249,59.49787],[-150.334828,59.518378],[-150.355336,59.546291],[-150.303456,59.569892],[-150.224355,59.715399],[-150.278798,59.692084],[-150.479482,59.467353],[-150.553334,59.535712],[-150.492502,59.600898],[-150.656972,59.552476],[-150.581248,59.49787],[-150.636464,59.463121],[-150.609324,59.438666],[-150.728627,59.422187],[-150.754628,59.382392],[-150.917673,59.326565],[-150.891957,59.257514],[-150.965891,59.234442],[-150.958608,59.203681],[-151.042551,59.297187],[-151.243479,59.318427],[-151.273305,59.312934],[-151.257639,59.298407],[-151.099355,59.248969],[-151.146311,59.20954],[-151.409617,59.260077],[-151.519765,59.224189],[-151.472605,59.216702],[-151.489084,59.199652],[-151.601267,59.201728],[-151.568105,59.175767],[-151.68281,59.163031],[-151.741526,59.167141],[-151.763376,59.224189],[-151.893137,59.220649],[-151.897084,59.258287],[-151.986684,59.292792],[-151.925038,59.353909],[-151.815175,59.353909],[-151.894032,59.412828],[-151.651845,59.485907],[-151.382192,59.44477],[-151.451487,59.508124],[-151.441477,59.532213],[-151.174143,59.600084],[-151.201365,59.641181],[-150.992787,59.779039],[-151.10912,59.786526],[-151.430979,59.666205],[-151.472605,59.635688],[-151.410512,59.607733],[-151.780832,59.692206],[-151.871775,59.749457],[-151.882883,59.786526],[-151.724965,60.024888],[-151.429636,60.216376],[-151.390248,60.359442],[-151.305979,60.386949],[-151.282786,60.537055],[-151.411733,60.702094],[-151.396921,60.738023],[-151.071482,60.785346],[-150.763254,60.926703],[-150.387034,61.047268],[-150.22529,60.937242],[-150.043772,60.916815],[-149.752919,60.973822],[-149.025828,60.854682],[-149.169301,60.946967],[-149.3579,60.933824],[-149.783152,61.045356],[-150.067332,61.155748],[-150.015614,61.206366],[-149.895985,61.232082],[-149.810658,61.331366],[-149.68342,61.399359],[-149.261057,61.48664],[-149.428171,61.51317],[-149.757395,61.453355],[-149.89741,61.371283],[-149.938914,61.271226],[-149.983754,61.246324],[-150.314402,61.281643],[-150.334584,61.250922],[-150.499623,61.261664],[-150.560658,61.323676],[-150.540273,61.369289],[-150.600535,61.332424],[-150.58495,61.294623],[-150.656972,61.314032],[-150.730906,61.253974],[-151.039906,61.177436],[-151.177113,61.053941],[-151.566762,60.994534],[-151.746938,60.916815],[-151.807729,60.847886],[-151.711374,60.725735],[-151.869822,60.759101],[-151.862375,60.738674],[-152.051381,60.673163],[-152.109364,60.608303],[-152.329579,60.492499],[-152.335927,60.436957],[-152.24592,60.395982],[-152.596303,60.228461],[-152.805531,60.235093],[-152.849843,60.245185],[-152.787831,60.258857],[-152.839548,60.268378],[-152.890818,60.25141],[-152.905588,60.308539],[-152.938588,60.313463],[-153.082631,60.299791],[-153.103627,60.277086],[-152.956614,60.293891],[-152.922719,60.237209],[-152.698435,60.170111],[-152.578562,60.081204],[-152.718861,59.915595],[-153.243357,59.862454],[-153.288075,59.820014],[-153.000071,59.813178],[-153.055287,59.71015],[-153.236643,59.647895],[-153.288075,59.682847],[-153.32905,59.635688],[-153.425242,59.649359],[-153.358957,59.720771],[-153.322214,59.717597],[-153.452585,59.79267],[-153.445424,59.716783],[-153.490712,59.650092],[-153.559031,59.635688],[-153.62267,59.695217],[-153.623891,59.655504],[-153.70641,59.631985],[-153.566029,59.60928],[-153.586415,59.56745],[-153.877146,59.546291],[-153.741078,59.497748],[-153.724721,59.466051],[-153.751454,59.440253],[-154.145253,59.381171],[-154.066233,59.348334],[-153.95344,59.361314],[-154.127756,59.294176],[-154.149892,59.235338],[-154.130849,59.208157],[-154.261301,59.148424],[-154.177317,59.129788],[-154.199818,59.055854],[-154.16511,59.02558],[-154.021962,59.08393],[-153.711537,59.070746],[-153.560902,58.990709],[-153.427235,58.981187],[-153.294911,58.888373],[-153.363149,58.874091],[-153.26415,58.857367],[-153.363149,58.847398],[-153.424672,58.744371],[-153.576121,58.690863],[-153.608754,58.644436],[-153.899403,58.616685],[-153.930857,58.535631],[-153.973337,58.53205],[-153.925526,58.518459],[-153.942372,58.502916],[-154.110463,58.477484],[-154.069203,58.409857],[-154.004343,58.381293],[-154.190053,58.360745],[-154.364369,58.285102],[-154.353098,58.255439],[-154.171376,58.321763],[-154.121327,58.279731],[-154.24767,58.257758],[-154.165395,58.239407],[-154.188059,58.198188],[-154.302317,58.196275],[-154.235789,58.155341],[-154.246775,58.12641],[-154.337026,58.162095],[-154.352773,58.082221],[-154.494089,58.203111],[-154.469838,58.08983],[-154.610789,58.120551],[-154.545644,58.071112],[-154.583119,58.02497],[-154.644765,58.035468],[-154.669911,58.072333],[-154.778879,58.005072],[-155.023142,58.02558],[-155.063466,57.962388],[-155.125315,57.956732],[-155.068674,57.897366],[-155.255076,57.880316],[-155.227244,57.842108],[-155.336985,57.833197],[-155.309682,57.798407],[-155.358103,57.798407],[-155.312082,57.775214],[-155.310292,57.740424],[-155.394399,57.725735],[-155.605092,57.792222],[-155.638621,57.726467],[-155.59081,57.675523],[-155.771433,57.644721],[-155.734202,57.627143],[-155.741648,57.552069],[-155.805735,57.547919],[-155.831532,57.579576],[-155.924184,57.531399],[-156.020457,57.576809],[-156.01537,57.531562],[-156.104726,57.531562],[-156.042714,57.50731],[-156.022206,57.456448],[-156.060658,57.430243],[-156.214589,57.476264],[-156.238759,57.436957],[-156.544626,57.322699],[-156.554636,57.281684],[-156.391957,57.314846],[-156.34435,57.311835],[-156.339955,57.285305],[-156.357371,57.252143],[-156.447377,57.229926],[-156.351186,57.1883],[-156.375925,57.143256],[-156.488352,57.113837],[-156.453603,57.086493],[-156.495188,57.099555],[-156.523061,57.045844],[-156.625478,57.079047],[-156.645375,57.05858],[-156.549794,56.982856],[-156.784779,57.04914],[-156.763417,56.992011],[-156.809438,56.906684],[-156.961293,56.97663],[-156.940867,56.914537],[-157.040151,56.887274],[-157.091664,56.825832],[-157.190989,56.849677],[-157.147817,56.815131],[-157.189402,56.776272],[-157.419667,56.867377],[-157.468455,56.828925],[-157.406321,56.763739],[-157.509104,56.763739],[-157.60558,56.722154],[-157.485789,56.674994],[-157.45519,56.643215],[-157.482655,56.620347],[-157.664662,56.611396],[-157.772898,56.684394],[-157.913442,56.653876],[-158.127634,56.549506],[-157.868967,56.569037],[-157.836903,56.516506],[-157.877146,56.478217],[-158.126332,56.516669],[-158.167917,56.496894],[-158.131907,56.496161],[-158.138295,56.465522],[-158.338694,56.475409],[-158.43102,56.438056],[-158.523549,56.365912],[-158.509958,56.345404],[-158.609812,56.31391],[-158.646433,56.270657],[-158.537221,56.249823],[-158.560496,56.299302],[-158.472971,56.34276],[-158.406931,56.318752],[-158.414377,56.298245],[-158.345448,56.325588],[-158.208241,56.283922],[-158.272288,56.246527],[-158.400706,56.236151],[-158.414377,56.202053],[-158.369211,56.217475],[-158.318308,56.174709],[-158.119496,56.236151],[-158.359731,56.126899],[-158.409657,56.180813],[-158.414377,56.133124],[-158.44164,56.133124],[-158.407582,56.078437],[-158.503245,56.10163],[-158.469594,56.071682],[-158.484609,56.042914],[-158.434071,56.042914],[-158.427561,56.006537],[-158.496287,56.037543],[-158.512563,55.995998],[-158.571401,56.030707],[-158.509958,56.058051],[-158.604685,56.052314],[-158.578847,56.071682],[-158.601552,56.100572],[-158.479237,56.191474],[-158.639638,56.202053],[-158.564565,56.167914],[-158.667592,56.112616],[-158.668202,56.145941],[-158.702341,56.147406],[-158.666331,56.061713],[-158.732249,56.045396],[-158.647084,56.017035],[-158.682932,55.958401],[-158.763783,55.961859],[-158.728993,55.976142],[-158.75654,56.00788],[-158.801015,55.989732],[-158.859446,56.012926],[-158.928293,55.920844],[-159.006296,55.931789],[-159.027577,55.89289],[-159.099314,55.92829],[-159.318674,55.859442],[-159.355906,55.879462],[-159.400624,55.859442],[-159.421702,55.790473],[-159.475697,55.831488],[-159.469553,55.900336],[-159.544993,55.889635],[-159.503651,55.766913],[-159.626536,55.578274],[-159.721059,55.567084],[-159.743235,55.572008],[-159.695424,55.605536],[-159.756907,55.5987],[-159.617014,55.635199],[-159.709706,55.667629],[-159.633372,55.701117],[-159.681752,55.742743],[-159.625234,55.81269],[-159.845774,55.851223],[-159.856801,55.790473],[-159.976633,55.818427],[-159.973134,55.777493],[-160.038075,55.797349],[-160.058542,55.770006],[-160.033559,55.726223],[-160.100168,55.719143],[-160.065378,55.701117],[-160.155385,55.736518],[-160.133656,55.674465],[-160.164052,55.657131],[-160.442128,55.646552],[-160.366404,55.605536],[-160.45641,55.578274],[-160.495188,55.486151],[-160.548533,55.489081],[-160.613474,55.605536],[-160.657419,55.551988],[-160.768137,55.545396],[-160.675404,55.521918],[-160.68342,55.464667],[-160.799021,55.447903],[-160.848582,55.473049],[-160.840525,55.518541],[-160.92455,55.51911],[-161.024973,55.427436],[-161.279164,55.354885],[-161.368723,55.385443],[-161.506663,55.363837],[-161.479237,55.484931],[-161.367543,55.578274],[-161.292185,55.537299],[-161.144887,55.53498],[-161.408193,55.635932],[-161.620798,55.612982],[-161.71642,55.513088],[-161.71642,55.393256],[-161.902415,55.217841],[-162.04601,55.235582],[-162.032338,55.17414],[-161.956614,55.125718],[-162.001291,55.093207],[-162.128,55.102973],[-162.101267,55.167914],[-162.230946,55.112738],[-162.202097,55.039862],[-162.27477,55.019599],[-162.319692,55.071112],[-162.362538,55.036566],[-162.44933,55.040269],[-162.511545,55.078599],[-162.517405,55.114691],[-162.360707,55.105292],[-162.47997,55.175523],[-162.557362,55.267035],[-162.600901,55.270413],[-162.567454,55.292222],[-162.645334,55.300035],[-162.718332,55.217922],[-162.614125,55.166327],[-162.599965,55.137112],[-162.632192,55.136664],[-162.642771,55.071112],[-162.614573,55.078599],[-162.559926,54.961249],[-162.645497,54.99844],[-162.662953,55.016547],[-162.618967,55.015692],[-162.649485,55.052965],[-162.752756,54.944892],[-162.877634,54.938951],[-162.967397,54.992336],[-162.919626,55.019924],[-163.041127,55.099351],[-163.163197,55.099066],[-163.107981,55.125718],[-163.183054,55.139146],[-163.190541,55.092231],[-163.238352,55.105292],[-163.204213,55.078599],[-163.205515,55.018988],[-163.06725,54.973293],[-163.049875,54.94184],[-163.341379,54.811103],[-163.38976,54.858873],[-163.279897,54.91352],[-163.347605,54.940823],[-163.245961,54.969957],[-163.282053,54.990139],[-163.334543,55.119534],[-163.024729,55.245592],[-162.991282,55.242418],[-163.076527,55.18065],[-162.962026,55.169013],[-162.833689,55.229397],[-162.896352,55.266669],[-162.737009,55.31094],[-162.641835,55.380276],[-162.58845,55.346096],[-162.497141,55.373969],[-162.504262,55.440416],[-162.556996,55.446926],[-162.621409,55.406928],[-162.604726,55.429877],[-162.226999,55.697903],[-161.799998,55.889716],[-161.155344,56.017035],[-161.367543,55.955634],[-161.053293,55.941107],[-160.874135,55.99315],[-160.860463,55.934516],[-160.979319,55.937445],[-161.023386,55.890774],[-160.928782,55.879869],[-160.946401,55.825263],[-160.799021,55.715399],[-160.768137,55.758531],[-160.689565,55.697903],[-160.661855,55.732815],[-160.756703,55.786119],[-160.784535,55.887681],[-160.512196,55.86994],[-160.460194,55.79564],[-160.401194,55.810981],[-160.24352,55.776842],[-160.319203,55.825263],[-160.250966,55.852484],[-160.566274,55.92829],[-160.539133,55.984565],[-160.579905,55.989732],[-160.462595,56.112616],[-160.455556,56.172349],[-160.368723,56.276842],[-160.18871,56.386908],[-159.745717,56.579332],[-159.208852,56.695461],[-159.263417,56.708564],[-159.199656,56.751695],[-158.889231,56.889594],[-159.025136,56.816718],[-159.010691,56.788804],[-158.976064,56.784857],[-158.945017,56.842922],[-158.848948,56.789374],[-158.639638,56.763739],[-158.689076,56.884508],[-158.682118,57.02204],[-158.312449,57.314887],[-158.182688,57.362006],[-158.058095,57.367092],[-158.09907,57.380764],[-157.961293,57.484198],[-157.757761,57.564276],[-157.680653,57.572496],[-157.656728,57.483588],[-157.516225,57.462633],[-157.413808,57.489936],[-157.395131,57.512763],[-157.427439,57.531562],[-157.392079,57.566311],[-157.454783,57.552069],[-157.413808,57.497463],[-157.595408,57.493232],[-157.602162,57.62401],[-157.671946,57.618109],[-157.70991,57.652533],[-157.60554,58.105211],[-157.543528,58.175849],[-157.45165,58.168769],[-157.384226,58.207099],[-157.139475,58.168402],[-157.347524,58.239203],[-157.482655,58.230414],[-157.5454,58.273586],[-157.562082,58.363674],[-157.436147,58.521633],[-157.115224,58.699652],[-156.940867,58.737535],[-157.061879,58.726223],[-157.077992,58.757392],[-157.002268,58.839993],[-157.025502,58.863471],[-156.976308,58.953518],[-156.860341,58.993883],[-156.842885,59.103217],[-156.783193,59.155219],[-156.865102,59.111233],[-156.889719,59.012519],[-157.015818,58.974066],[-157.084462,58.886664],[-158.203359,58.612982],[-158.315867,58.646552],[-158.380198,58.757392],[-158.557729,58.806464],[-158.499257,58.948798],[-158.421132,58.977118],[-158.497507,58.993964],[-158.38329,59.03856],[-158.1728,59.013007],[-158.078562,58.956692],[-158.030141,58.879055],[-157.995351,58.908271],[-158.041331,58.911444],[-158.052317,58.97134],[-158.140248,59.0362],[-158.44164,59.086982],[-158.544057,59.175767],[-158.462148,59.052802],[-158.521189,59.03734],[-158.608998,58.933173],[-158.729482,58.873603],[-158.753367,58.890448],[-158.728993,58.928697],[-158.790476,58.963446],[-158.746409,58.994818],[-158.825266,58.977118],[-158.769968,58.911078],[-158.787953,58.769761],[-158.827952,58.736274],[-158.891306,58.743354],[-158.804311,58.794664],[-158.827138,58.819403],[-158.914622,58.775377],[-158.770009,58.518459],[-158.708689,58.492255],[-158.829661,58.404771],[-158.881734,58.39962],[-159.051259,58.424709],[-159.071645,58.442694],[-159.03071,58.456366],[-159.15099,58.518785],[-159.384954,58.755824],[-159.482737,58.816067],[-159.551462,58.847398],[-159.660918,58.839443],[-159.586941,58.907463],[-159.617487,58.931324],[-159.738127,58.928247],[-159.752924,58.840826],[-159.7985,58.849833],[-159.794851,58.800277],[-159.90613,58.765406],[-159.997141,58.874091],[-160.153095,58.861285],[-160.152202,58.916104],[-160.246442,58.886896],[-160.256663,58.946234],[-160.328931,58.941429],[-160.255116,58.990302],[-160.352169,59.070659],[-160.768496,58.896426],[-160.83372,58.812546],[-160.829368,58.852647],[-160.888551,58.884102],[-161.179701,58.782726],[-161.306142,58.812649],[-161.310658,58.788642],[-161.262953,58.77669],[-161.376222,58.686802],[-161.301285,58.681818],[-161.707509,58.561184],[-161.764841,58.559394],[-161.710194,58.614],[-161.765085,58.645087],[-161.762885,58.590986],[-161.797678,58.623236],[-162.176054,58.644923],[-162.04601,58.682929],[-161.891103,58.653713],[-161.842844,58.691636],[-161.865418,58.716263],[-161.677398,58.773527],[-161.655588,58.806464],[-161.68484,58.818586],[-161.774737,58.770507],[-161.758616,58.826321],[-161.794911,58.974514],[-161.855824,59.033759],[-161.725168,59.035102],[-161.569163,59.115058],[-161.637888,59.142239],[-161.840525,59.120551],[-161.888376,59.094387],[-161.847401,59.066555],[-161.97411,59.131415],[-162.038686,59.289374],[-161.99824,59.312934],[-162.04365,59.265774],[-162.009023,59.237535],[-161.983103,59.25373],[-161.946604,59.387763],[-161.713938,59.50137],[-162.081776,59.877875],[-162.108754,59.965155],[-162.209828,60.025458],[-162.240061,60.089789],[-162.203562,60.153306],[-162.25141,60.201419],[-162.161563,60.216367],[-162.149037,60.245185],[-162.248891,60.214748],[-162.290232,60.242499],[-162.30012,60.180487],[-162.228726,60.145586],[-162.317243,60.11306],[-162.374949,60.176337],[-162.341664,60.21898],[-162.45858,60.295086],[-162.390475,60.329466],[-162.30309,60.470852],[-162.227528,60.508979],[-162.22411,60.587836],[-162.06135,60.651028],[-161.967112,60.645657],[-161.942983,60.669745],[-161.96345,60.676581],[-161.88154,60.703925],[-162.072255,60.665229],[-162.183176,60.731147],[-162.121693,60.693996],[-162.123362,60.658922],[-162.276316,60.612942],[-162.382436,60.436957],[-162.441233,60.423407],[-162.415964,60.382392],[-162.464792,60.372382],[-162.464345,60.395982],[-162.608347,60.33393],[-162.566762,60.313463],[-162.600901,60.306627],[-162.5537,60.2862],[-162.560007,60.261135],[-162.703318,60.265692],[-162.450266,60.191067],[-162.497874,60.118232],[-162.477366,60.052802],[-162.525828,59.997504],[-162.751698,60.00495],[-162.752797,59.968248],[-162.807973,59.942572],[-163.087636,59.859117],[-163.316477,59.830268],[-163.877146,59.799547],[-164.098337,59.833686],[-164.187001,59.891506],[-164.21227,59.954983],[-164.094919,59.977688],[-164.136464,59.99136],[-164.114735,60.00495],[-164.412668,60.091783],[-164.488271,60.15058],[-164.4853,60.183743],[-164.643788,60.248277],[-164.677073,60.303209],[-164.649159,60.33393],[-164.753489,60.287095],[-165.005971,60.346747],[-165.10143,60.406684],[-165.143259,60.450629],[-165.023997,60.46898],[-164.973704,60.520413],[-164.985585,60.54682],[-165.22175,60.49901],[-165.36974,60.512112],[-165.431223,60.553046],[-164.999216,60.711371],[-165.031361,60.787014],[-164.874949,60.848782],[-164.94225,60.889635],[-164.937449,60.936469],[-164.834788,60.868354],[-164.639516,60.913316],[-164.697581,60.854682],[-164.669138,60.825751],[-164.270823,60.787909],[-164.218373,60.690172],[-164.320017,60.662299],[-164.444325,60.567328],[-164.420359,60.554267],[-164.259348,60.653266],[-164.135081,60.663723],[-164.084299,60.734565],[-163.955637,60.779853],[-163.816233,60.755113],[-163.831776,60.683783],[-163.806874,60.669745],[-163.836171,60.639553],[-163.811106,60.59394],[-163.686472,60.589748],[-163.464304,60.676581],[-163.429148,60.716986],[-163.471669,60.752346],[-163.409006,60.752346],[-163.54365,60.810004],[-163.930409,60.854682],[-163.808949,60.892524],[-163.697621,60.868354],[-163.57844,60.884101],[-163.563588,60.913316],[-163.756418,60.945258],[-163.669667,60.991889],[-163.704091,60.999661],[-163.800038,60.978217],[-164.007069,60.862209],[-164.564443,60.854682],[-164.628041,60.932318],[-164.797556,60.902533],[-164.879465,60.957424],[-165.036814,60.916815],[-165.170766,60.941596],[-165.198476,60.978217],[-165.118153,61.013251],[-164.950795,61.019843],[-164.940053,61.083808],[-164.766469,61.108588],[-164.999216,61.114732],[-165.004018,61.068671],[-165.058705,61.062893],[-165.191029,61.136461],[-165.060658,61.218451],[-165.143259,61.259426],[-165.082387,61.218451],[-165.136098,61.200995],[-165.15685,61.155748],[-165.211497,61.149563],[-165.362742,61.212795],[-165.212717,61.265204],[-165.208363,61.326809],[-165.259877,61.334459],[-165.157786,61.36579],[-165.158762,61.418647],[-165.076243,61.419379],[-164.967722,61.489569],[-164.841542,61.498969],[-164.74767,61.554674],[-164.752797,61.588935],[-164.690745,61.601386],[-164.72407,61.625556],[-164.766469,61.62873],[-164.745961,61.608832],[-164.877634,61.526028],[-165.085764,61.476264],[-165.079172,61.437079],[-165.204661,61.410224],[-165.191029,61.382961],[-165.294057,61.334459],[-165.228871,61.31745],[-165.225779,61.273098],[-165.390248,61.224595],[-165.399607,61.195624],[-165.346384,61.156724],[-165.376576,61.129096],[-165.373728,61.071601],[-165.605092,61.124498],[-165.643503,61.221503],[-165.609975,61.287299],[-165.87678,61.336575],[-165.918324,61.41474],[-165.7801,61.457994],[-165.776967,61.515815],[-165.923899,61.562161],[-166.085683,61.532213],[-166.054392,61.505805],[-166.106191,61.498521],[-166.199941,61.59455],[-166.144399,61.725531],[-166.154042,61.656684],[-166.116444,61.636135],[-165.766428,61.690823],[-166.003367,61.734931],[-166.102773,61.821112],[-165.588246,61.862128],[-165.68932,61.910305],[-165.750356,61.984442],[-165.759511,62.025621],[-165.705556,62.116604],[-165.133046,62.515692],[-164.867869,62.538031],[-164.848134,62.477932],[-164.608835,62.437445],[-164.733632,62.37873],[-164.581899,62.426174],[-164.586537,62.45482],[-164.677113,62.474351],[-164.629954,62.51317],[-164.705068,62.479071],[-164.841542,62.492743],[-164.794423,62.533677],[-164.857981,62.563625],[-164.704701,62.612494],[-164.479075,62.745917],[-164.813222,62.620185],[-164.890004,62.786933],[-164.766469,62.801215],[-164.883168,62.841539],[-164.690745,63.027086],[-164.313954,63.014106],[-164.376658,63.070502],[-164.522817,63.088324],[-164.595164,63.130113],[-164.423533,63.20897],[-164.145375,63.262152],[-163.729237,63.216783],[-163.646555,63.158922],[-163.663523,63.116523],[-163.541819,63.128811],[-163.791941,63.021918],[-163.806874,62.986151],[-163.528554,63.116685],[-163.350535,63.030829],[-163.093984,63.057359],[-162.880808,63.140937],[-162.806345,63.21955],[-162.596506,63.276679],[-162.280019,63.489081],[-162.309438,63.546576],[-162.018056,63.485826],[-162.168894,63.43122],[-161.440541,63.460191],[-161.186269,63.505561],[-161.056508,63.574408],[-160.827097,63.713528],[-160.766957,63.824123],[-160.928782,64.048163],[-160.973459,64.250474],[-161.203114,64.364081],[-161.175771,64.383979],[-161.257761,64.405097],[-161.188832,64.418118],[-161.457997,64.431708],[-161.538889,64.39765],[-161.468088,64.509955],[-161.41393,64.537543],[-161.035024,64.507758],[-161.004465,64.527981],[-161.085927,64.552558],[-160.957997,64.558824],[-160.833974,64.617336],[-160.791575,64.725898],[-160.901438,64.82274],[-161.155344,64.925198],[-161.066233,64.915229],[-160.990834,64.939439],[-161.020131,64.947211],[-161.210561,64.932603],[-161.207102,64.909735],[-161.307607,64.872016],[-161.395253,64.78677],[-161.545766,64.750881],[-161.806386,64.82274],[-161.71642,64.794867],[-161.896311,64.753974],[-161.931752,64.718655],[-161.79955,64.761298],[-161.895457,64.711737],[-162.121693,64.712877],[-162.066477,64.699286],[-162.177358,64.688178],[-162.270212,64.619289],[-162.51122,64.558661],[-162.607167,64.506781],[-162.642649,64.394436],[-162.781321,64.343695],[-162.874623,64.459662],[-162.827463,64.500637],[-163.053334,64.555854],[-163.025461,64.569525],[-163.147654,64.627143],[-163.148997,64.658271],[-163.38976,64.596869],[-163.142771,64.51496],[-163.039744,64.521145],[-163.165883,64.41059],[-163.299794,64.49315],[-163.678538,64.58633],[-164.389109,64.569525],[-164.266225,64.575751],[-164.341868,64.590033],[-164.745961,64.49315],[-164.656606,64.521145],[-164.691721,64.531317],[-164.885691,64.491523],[-164.937815,64.534735],[-164.965077,64.507473],[-164.896189,64.472724],[-164.924143,64.459662],[-164.766469,64.48017],[-165.035512,64.44831],[-166.189687,64.585191],[-166.370351,64.637844],[-166.483469,64.729641],[-166.480377,64.80201],[-166.386057,64.827338],[-166.410157,64.85453],[-166.390207,64.898505],[-166.684529,64.98218],[-166.711389,65.043713],[-166.878611,65.102729],[-166.961531,65.154359],[-166.957387,65.178127],[-166.880238,65.28205],[-166.852773,65.277899],[-166.932078,65.16885],[-166.712636,65.112942],[-166.534169,65.137437],[-166.469228,65.189276],[-166.488718,65.23428],[-166.371287,65.272528],[-166.031188,65.243104],[-166.14041,65.285693],[-166.502797,65.336249],[-166.938303,65.385077],[-166.649936,65.32682],[-167.398555,65.401082],[-168.052439,65.580024],[-168.137441,65.665025],[-167.88208,65.75544],[-168.056711,65.677232],[-168.039866,65.635932],[-167.856068,65.683539],[-167.822743,65.720282],[-167.531239,65.726142],[-167.496571,65.765448],[-167.559193,65.778713],[-167.561025,65.808905],[-167.45283,65.809719],[-167.521108,65.830146],[-167.345937,65.898586],[-167.288319,65.905219],[-167.182851,65.858222],[-167.059885,65.877631],[-166.87682,65.946845],[-166.973012,65.974189],[-166.835805,66.015082],[-166.87682,65.987779],[-166.794871,65.987779],[-166.815378,66.007636],[-166.724965,66.061347],[-166.310902,66.17536],[-166.138499,66.166734],[-166.089182,66.152289],[-166.164255,66.152289],[-166.093699,66.125312],[-165.754994,66.105292],[-165.500111,66.152289],[-165.873972,66.225572],[-165.872874,66.263414],[-165.766428,66.323635],[-165.305735,66.436957],[-165.105214,66.445299],[-165.033396,66.399319],[-164.944651,66.466986],[-164.718088,66.556342],[-164.274363,66.602281],[-163.736318,66.603461],[-163.628733,66.570014],[-163.930124,66.585761],[-163.806874,66.570014],[-163.7624,66.525824],[-163.766469,66.485419],[-163.895619,66.399319],[-163.895619,66.337226],[-163.854685,66.289455],[-163.964955,66.232978],[-164.191111,66.193305],[-163.985666,66.206936],[-163.977488,66.183539],[-163.91747,66.210679],[-163.85497,66.133734],[-163.759104,66.090237],[-163.35436,66.097642],[-163.121653,66.07038],[-162.758534,66.111314],[-162.682851,66.06977],[-162.676869,66.006537],[-162.654734,66.03852],[-162.468495,66.071031],[-162.38801,66.03559],[-162.179433,66.075914],[-161.915639,66.042426],[-161.977122,66.015082],[-161.908193,66.021918],[-161.922475,65.987779],[-161.820668,65.980292],[-161.792795,65.994045],[-161.847401,66.007636],[-161.833689,66.024482],[-161.729441,66.078437],[-161.785268,66.083441],[-161.666331,66.154039],[-161.579823,66.254706],[-161.50593,66.278876],[-161.360097,66.275214],[-161.298695,66.227362],[-161.105662,66.250393],[-161.083811,66.230943],[-161.114329,66.206936],[-161.106882,66.138617],[-161.182607,66.124335],[-161.093251,66.124335],[-160.997019,66.241034],[-161.113759,66.332913],[-161.260325,66.369208],[-161.744618,66.405504],[-161.904368,66.36518],[-161.913279,66.326728],[-161.867258,66.29564],[-161.911936,66.278876],[-161.956614,66.350287],[-161.875966,66.44009],[-161.888376,66.5244],[-162.209828,66.707221],[-162.504587,66.749823],[-162.638743,66.899604],[-162.519968,66.920559],[-162.484812,66.960395],[-162.417104,66.922512],[-162.30663,66.952948],[-162.12092,66.806098],[-162.016835,66.780951],[-162.083241,66.686754],[-162.065989,66.653062],[-161.870839,66.532172],[-161.633778,66.457994],[-161.434031,66.468492],[-161.204213,66.538642],[-160.76537,66.370429],[-160.228505,66.412055],[-160.219187,66.53205],[-160.325429,66.604804],[-160.317576,66.634101],[-160.24352,66.645738],[-160.274973,66.654608],[-160.354441,66.644843],[-160.366404,66.618394],[-160.484853,66.634467],[-160.551707,66.591132],[-160.880971,66.672431],[-161.136057,66.651923],[-161.237253,66.597968],[-161.271962,66.542955],[-161.495432,66.536689],[-161.562611,66.566392],[-161.546335,66.597968],[-161.649729,66.61286],[-161.901967,66.735093],[-161.867258,66.758124],[-161.880564,66.814765],[-161.80016,66.853746],[-161.806386,66.899604],[-161.73408,66.923082],[-161.730662,66.953559],[-161.5183,66.960679],[-161.49885,66.971096],[-161.525217,66.991441],[-161.835154,67.054999],[-162.248036,67.015041],[-162.288279,67.070868],[-162.312978,67.029527],[-162.29304,67.008857],[-162.456899,66.994574],[-162.337839,67.145087],[-162.360097,67.167426],[-162.436391,67.159654],[-162.374949,67.139228],[-162.580434,67.015041],[-162.939565,67.048163],[-162.874135,67.005316],[-163.724965,67.111274],[-163.765614,67.13996],[-163.823964,67.35456],[-163.961619,67.498684],[-164.151479,67.619615],[-165.437205,68.060248],[-165.92809,68.136949],[-166.103464,68.239895],[-166.29662,68.299628],[-166.82905,68.351386],[-166.507192,68.422919],[-166.747182,68.363349],[-166.66454,68.351386],[-166.454783,68.398871],[-166.376536,68.385565],[-166.424998,68.413479],[-166.315134,68.405992],[-166.370351,68.440823],[-166.231028,68.579901],[-166.193796,68.77969],[-166.222605,68.88581],[-165.664744,68.861558],[-164.346425,68.929389],[-163.964548,69.003119],[-163.622548,69.119208],[-163.286122,69.310981],[-163.176991,69.426907],[-163.155751,69.420844],[-163.27245,69.297919],[-163.125803,69.38996],[-163.114817,69.495917],[-163.083201,69.501044],[-163.064768,69.555976],[-163.148997,69.60578],[-163.025461,69.626288],[-163.066396,69.674058],[-162.938425,69.711249],[-163.018748,69.745836],[-162.53779,69.956732],[-162.477366,70.024115],[-162.491038,70.051459],[-162.360707,70.057603],[-162.374949,70.085598],[-162.321482,70.127265],[-161.90571,70.320624],[-161.703359,70.263739],[-161.901967,70.256903],[-161.758616,70.22956],[-161.859486,70.211859],[-161.840525,70.195461],[-161.865549,70.179348],[-162.025502,70.195461],[-162.121693,70.153876],[-161.703359,70.195461],[-161.729319,70.215644],[-161.631947,70.25609],[-161.342152,70.258775],[-161.024973,70.318345],[-160.9499,70.290432],[-160.983998,70.325141],[-160.172231,70.604926],[-160.127431,70.579047],[-159.947092,70.597235],[-159.924387,70.581488],[-159.948679,70.544867],[-159.921986,70.544867],[-159.943837,70.521959],[-160.201894,70.47663],[-159.921986,70.489651],[-160.133656,70.325141],[-159.948476,70.370429],[-159.907704,70.284247],[-159.771189,70.195461],[-159.887278,70.387193],[-159.825795,70.497056],[-159.709706,70.469794],[-159.291371,70.538072],[-159.715932,70.497056],[-159.947865,70.63642],[-160.119985,70.60635],[-160.127431,70.626207],[-159.812123,70.715562],[-159.668162,70.804999],[-159.161,70.886908],[-159.37328,70.845933],[-159.174265,70.853909],[-159.140574,70.825426],[-159.449045,70.784491],[-159.321278,70.769273],[-159.3249,70.743557],[-159.222483,70.68891],[-159.279042,70.764716],[-158.989735,70.777045],[-159.085317,70.804999],[-159.060414,70.816555],[-158.715403,70.791327],[-158.338002,70.81802],[-158.523549,70.852769],[-158.04304,70.836859],[-157.864939,70.866441],[-157.231191,71.071357],[-156.817209,71.306342],[-156.471506,71.412502],[-156.371653,71.380316],[-156.488352,71.393988],[-156.604441,71.353664],[-156.53425,71.300116],[-156.433705,71.292182],[-156.443308,71.268378],[-156.141062,71.256496],[-156.042714,71.215888],[-156.110951,71.174872],[-155.944895,71.220364],[-155.916005,71.196479],[-155.624745,71.183539],[-155.573435,71.150377],[-155.56664,71.081529],[-155.7447,71.004462],[-156.104726,70.968817],[-156.007924,70.942125],[-156.187327,70.921698],[-155.981272,70.894355],[-155.940297,70.852769],[-155.987498,70.825426],[-155.978098,70.75967],[-155.909047,70.771226],[-155.926218,70.811835],[-155.891428,70.836656],[-155.658762,70.824164],[-155.645579,70.868069],[-155.577138,70.845933],[-155.534617,70.877265],[-155.517893,70.952135],[-155.308583,71.028754],[-155.191721,70.995063],[-155.196726,71.041449],[-155.289174,71.086127],[-155.186147,71.127102],[-155.097401,71.086127],[-155.125315,71.140774],[-155.08967,71.154934],[-155.043202,71.130927],[-155.039377,71.055732],[-155.097401,71.017279],[-155.039011,71.017401],[-155.012807,71.113349],[-154.971669,71.120063],[-154.608144,71.020982],[-154.601999,70.992133],[-154.668202,70.9206],[-154.810007,70.880683],[-154.699818,70.886217],[-154.590281,70.825426],[-154.309071,70.830797],[-154.230336,70.778388],[-154.130971,70.791327],[-153.893544,70.898383],[-153.514027,70.886908],[-153.255686,70.932766],[-152.955678,70.908026],[-152.86559,70.857001],[-152.815745,70.886908],[-152.714915,70.821031],[-152.65746,70.845933],[-152.746816,70.880683],[-152.712514,70.890367],[-152.327504,70.856879],[-152.219228,70.812445],[-152.430898,70.743557],[-152.421335,70.713324],[-152.500844,70.699205],[-152.509145,70.663886],[-152.447947,70.626044],[-152.075266,70.579047],[-152.517201,70.592719],[-152.630116,70.558539],[-151.760365,70.566718],[-151.733266,70.558539],[-151.803212,70.518744],[-151.869822,70.517646],[-151.790395,70.502387],[-151.943308,70.480455],[-151.979685,70.448717],[-151.454172,70.438951],[-151.222279,70.375718],[-151.177113,70.379788],[-151.208811,70.422431],[-151.177724,70.448717],[-150.765696,70.472235],[-150.793528,70.503323],[-150.526601,70.510728],[-150.492502,70.47663],[-150.379384,70.497016],[-150.361521,70.479722],[-150.416737,70.414537],[-150.11913,70.442857],[-149.889719,70.512763],[-149.488515,70.523017],[-149.463979,70.510728],[-149.491322,70.497056],[-149.344472,70.510077],[-149.044504,70.468573],[-148.964548,70.429267],[-148.682444,70.420111],[-148.518178,70.369208],[-148.51183,70.318345],[-148.381418,70.312486],[-148.223256,70.35932],[-147.962229,70.301418],[-147.842763,70.307522],[-147.798695,70.290432],[-147.806142,70.236477],[-147.679596,70.212226],[-147.123687,70.167548],[-146.848785,70.193427],[-146.23058,70.186021],[-146.082631,70.155666],[-145.87267,70.152818],[-145.880198,70.174954],[-145.613881,70.071357],[-145.520497,70.092434],[-145.36852,70.033637],[-145.215403,70.044013],[-145.301381,69.999661],[-145.274892,69.993069],[-144.941558,69.977973],[-144.590159,69.982815],[-144.386138,70.044013],[-144.129547,70.067694],[-144.064036,70.044013],[-144.071441,69.989407],[-144.023061,70.051459],[-144.064036,70.085598],[-143.576527,70.09394],[-143.550689,70.126614],[-143.510569,70.096666],[-143.354115,70.105618],[-143.297515,70.043402],[-143.276357,70.051459],[-143.300282,70.116645],[-143.235666,70.118232],[-142.600819,70.013129],[-142.611643,69.975735],[-142.481272,69.96955],[-142.522817,69.96955],[-142.496897,69.953843],[-142.270904,69.856024],[-142.10733,69.848944],[-142.015126,69.796291],[-141.920562,69.815375],[-141.65331,69.762152],[-141.412913,69.650377],[-141.267242,69.644517],[-141.220611,69.674058],[-141.316233,69.694525],[-141.005564,69.650946]]],[[[-132.647694,54.817857],[-132.6162,54.760199],[-132.681793,54.783759],[-132.771962,54.86225],[-132.78482,54.92772],[-132.709788,54.940823],[-132.725901,54.914862],[-132.629303,54.903998],[-132.62857,54.847846],[-132.68928,54.84455],[-132.647694,54.817857]]],[[[-131.243723,54.934556],[-131.194692,54.907294],[-131.331166,54.861233],[-131.482167,54.925605],[-131.263824,54.996894],[-131.236236,54.995429],[-131.243723,54.934556]]],[[[-132.826487,55.054389],[-132.799143,55.085395],[-132.856557,55.099066],[-132.869211,55.153998],[-132.822662,55.190497],[-132.722768,55.133205],[-132.668202,55.050686],[-132.750722,54.995429],[-132.791656,55.036363],[-132.791575,55.013617],[-132.873647,55.036363],[-132.826487,55.054389]]],[[[-132.702952,54.701239],[-132.686879,54.673977],[-132.842885,54.693793],[-132.86384,54.741604],[-132.839467,54.742174],[-132.956166,54.803656],[-132.908355,54.838324],[-132.998769,54.837958],[-133.049143,54.888902],[-133.038075,54.91352],[-133.100738,54.920315],[-133.064565,54.947089],[-133.147939,54.954413],[-133.134836,54.997504],[-133.216868,55.099066],[-133.120676,55.099066],[-133.216868,55.153713],[-133.168446,55.153713],[-133.216868,55.17414],[-133.154775,55.194648],[-133.182118,55.235582],[-133.107004,55.248684],[-133.065419,55.150295],[-132.997141,55.125718],[-132.956166,55.064276],[-133.05484,55.108954],[-133.086537,55.092231],[-132.997141,55.064276],[-133.045522,55.04385],[-132.95759,55.023342],[-132.942494,54.948188],[-132.894114,54.948188],[-132.901519,54.91352],[-132.762603,54.824449],[-132.722483,54.776557],[-132.757558,54.742174],[-132.688303,54.717963],[-132.702952,54.701239]]],[[[-131.479563,55.006293],[-131.493764,55.057278],[-131.547841,55.088813],[-131.531117,55.030219],[-131.582997,54.995347],[-131.624501,55.017401],[-131.582875,55.125556],[-131.517242,55.134182],[-131.586537,55.218655],[-131.551584,55.276557],[-131.372792,55.201483],[-131.357045,55.032538],[-131.479563,55.006293]]],[[[-133.291371,55.262926],[-133.209381,55.270413],[-133.240142,55.220364],[-133.316151,55.201483],[-133.382436,55.223334],[-133.422271,55.201483],[-133.449859,55.25023],[-133.401235,55.270413],[-133.43224,55.314439],[-133.318105,55.339057],[-133.285268,55.317939],[-133.319244,55.270413],[-133.291371,55.262926]]],[[[-131.818471,55.413764],[-131.636098,55.299302],[-131.633453,55.262926],[-131.671295,55.297065],[-131.686147,55.230292],[-131.763824,55.248684],[-131.702382,55.194648],[-131.72289,55.140082],[-131.817779,55.197984],[-131.866851,55.372789],[-131.838368,55.42593],[-131.818471,55.413764]]],[[[-133.449615,55.406928],[-133.457875,55.369696],[-133.579945,55.345445],[-133.565175,55.31981],[-133.607289,55.235582],[-133.689198,55.311347],[-133.641469,55.328192],[-133.623362,55.361314],[-133.65567,55.372789],[-133.580556,55.426215],[-133.449615,55.406928]]],[[[-133.538401,55.482652],[-133.505727,55.52261],[-133.418446,55.475572],[-133.42809,55.446519],[-133.511383,55.427436],[-133.600453,55.447903],[-133.538401,55.482652]]],[[[-133.346588,55.447903],[-133.428538,55.544135],[-133.324452,55.556952],[-133.272084,55.530463],[-133.279042,55.491848],[-133.346588,55.447903]]],[[[-133.603871,55.489447],[-133.651967,55.447903],[-133.730133,55.468411],[-133.799062,55.447903],[-133.700836,55.507392],[-133.730133,55.540717],[-133.70287,55.557766],[-133.586781,55.544135],[-133.603871,55.489447]]],[[[-133.305653,55.797349],[-133.417877,55.738471],[-133.49059,55.790473],[-133.487172,55.706732],[-133.542104,55.694892],[-133.682362,55.790473],[-133.641428,55.790473],[-133.614898,55.833197],[-133.57311,55.804755],[-133.565256,55.830308],[-133.495229,55.820299],[-133.466949,55.790473],[-133.305653,55.797349]]],[[[-133.285146,55.907172],[-133.264638,55.866278],[-133.216868,55.866278],[-133.250803,55.775946],[-133.341176,55.837348],[-133.291371,55.851996],[-133.332916,55.879869],[-133.285146,55.907172]]],[[[-155.652333,55.886664],[-155.556101,55.914618],[-155.55724,55.800482],[-155.597264,55.760431],[-155.718693,55.774851],[-155.749849,55.81768],[-155.652333,55.886664]]],[[[-134.17927,55.914618],[-134.101552,55.920803],[-134.114369,55.900336],[-134.258412,55.818427],[-134.32665,55.848822],[-134.264556,55.873725],[-134.347157,55.910956],[-134.17927,55.914618]]],[[[-133.919504,55.920844],[-133.856028,55.942288],[-133.842519,55.86636],[-133.912668,55.862779],[-133.919504,55.920844]]],[[[-130.961903,55.58511],[-130.971669,55.38524],[-131.027089,55.410346],[-131.055653,55.273586],[-131.192006,55.185736],[-131.311391,55.235582],[-131.215728,55.317572],[-131.20995,55.406317],[-131.28307,55.37108],[-131.263824,55.309394],[-131.298329,55.276557],[-131.404164,55.262926],[-131.463206,55.293402],[-131.382232,55.329413],[-131.270741,55.447333],[-131.350819,55.645575],[-131.371693,55.618638],[-131.325429,55.446763],[-131.462148,55.331855],[-131.421254,55.376532],[-131.468984,55.458686],[-131.421254,55.530463],[-131.5065,55.499416],[-131.516184,55.460028],[-131.465688,55.37226],[-131.526479,55.299384],[-131.685292,55.354315],[-131.820221,55.463813],[-131.650543,55.550279],[-131.619781,55.595282],[-131.698964,55.616116],[-131.686879,55.683905],[-131.517445,55.729071],[-131.629058,55.734036],[-131.691762,55.705268],[-131.709218,55.739651],[-131.482655,55.783026],[-131.530751,55.825751],[-131.627309,55.783026],[-131.687734,55.831977],[-131.470367,55.831977],[-131.435455,55.845771],[-131.534495,55.851996],[-131.578847,55.907172],[-131.280263,55.965155],[-131.179555,55.923529],[-130.968739,55.701117],[-130.93456,55.643134],[-130.961903,55.58511]]],[[[-133.607289,56.078518],[-133.483144,56.09219],[-133.596506,56.100979],[-133.617014,56.131537],[-133.285308,56.147203],[-133.311147,55.99787],[-133.470326,56.017279],[-133.702707,55.902777],[-133.794911,55.94359],[-133.680979,56.069159],[-133.607289,56.078518]]],[[[-132.548411,56.304429],[-132.521148,56.343207],[-132.39977,56.350409],[-132.389963,56.2355],[-132.483795,56.194566],[-132.359446,56.217922],[-132.192128,56.176581],[-132.092193,56.106431],[-132.151194,56.071682],[-132.202016,56.09219],[-132.133453,55.929023],[-132.185292,55.969306],[-132.223134,55.934516],[-132.335561,55.918199],[-132.428578,55.969306],[-132.382314,56.02261],[-132.462066,56.036689],[-132.449086,56.064846],[-132.593861,56.086575],[-132.645416,56.058092],[-132.713206,56.139797],[-132.702952,56.22248],[-132.603342,56.236151],[-132.548411,56.304429]]],[[[-131.976715,54.831529],[-131.948801,54.789984],[-132.010243,54.783759],[-132.004018,54.693793],[-132.149973,54.698635],[-132.247222,54.743313],[-132.27774,54.71483],[-132.294423,54.762152],[-132.216298,54.803656],[-132.35969,54.803656],[-132.26476,54.84455],[-132.325551,54.866278],[-132.27774,54.87934],[-132.39387,54.934556],[-132.35969,54.940823],[-132.39387,54.975531],[-132.380198,55.023383],[-132.436147,54.916571],[-132.501454,54.913764],[-132.444163,54.963039],[-132.490061,55.002875],[-132.51887,54.944159],[-132.593414,54.968248],[-132.530995,55.016547],[-132.571929,55.04385],[-132.464955,55.050727],[-132.530995,55.058051],[-132.511138,55.112738],[-132.559804,55.124091],[-132.612904,55.064276],[-132.626617,55.085639],[-132.558339,55.167914],[-132.640859,55.25609],[-132.655832,55.21898],[-132.620473,55.153388],[-132.696116,55.146877],[-132.79898,55.205146],[-132.799143,55.270413],[-132.94933,55.208319],[-133.035024,55.225653],[-132.909779,55.285224],[-133.212961,55.279202],[-133.264638,55.345445],[-133.206614,55.384467],[-132.846303,55.352281],[-133.007802,55.388129],[-133.065419,55.427436],[-132.977284,55.447903],[-133.125844,55.483588],[-133.072865,55.578274],[-132.908355,55.63288],[-133.251291,55.584784],[-133.379058,55.629788],[-133.382192,55.669501],[-133.341461,55.67772],[-133.381947,55.722846],[-133.323964,55.709296],[-133.305653,55.763861],[-133.236684,55.745063],[-133.147939,55.818427],[-133.139801,55.876614],[-133.217681,55.883694],[-133.259755,55.945299],[-133.229888,55.958686],[-133.279124,56.076402],[-133.264638,56.147406],[-133.57311,56.184963],[-133.633901,56.269517],[-133.566314,56.304429],[-133.614735,56.352851],[-133.341542,56.333441],[-133.3131,56.325588],[-133.312245,56.277248],[-133.285146,56.283922],[-133.294097,56.313788],[-133.182118,56.332343],[-133.140614,56.266303],[-133.058583,56.242987],[-133.058583,56.194566],[-133.024892,56.172024],[-133.072865,56.112616],[-133.140492,56.119452],[-133.079091,56.058051],[-132.956166,56.043769],[-132.935658,56.071682],[-132.895863,56.025458],[-132.842437,56.039049],[-132.73644,55.996568],[-132.508412,55.827623],[-132.462717,55.776842],[-132.434804,55.626654],[-132.370513,55.667629],[-132.287709,55.537299],[-132.214833,55.531195],[-132.140614,55.465277],[-132.173207,55.452826],[-132.250478,55.503119],[-132.434804,55.550279],[-132.523508,55.62523],[-132.565785,55.572008],[-132.514516,55.547187],[-132.681793,55.455308],[-132.65453,55.42121],[-132.519114,55.506659],[-132.401275,55.516791],[-132.361562,55.472968],[-132.276926,55.452704],[-132.483795,55.406928],[-132.40099,55.411526],[-132.369944,55.381171],[-132.250111,55.413764],[-132.154897,55.365953],[-132.095286,55.267076],[-132.243031,55.25609],[-132.240224,55.197211],[-132.203114,55.229193],[-132.083363,55.21011],[-132.050689,55.258938],[-131.994293,55.268134],[-131.969309,55.204901],[-132.023915,55.119534],[-132.001454,55.104478],[-132.058339,55.078599],[-132.092844,55.105292],[-132.078521,55.078599],[-132.120107,55.064276],[-132.075429,55.040107],[-132.223134,54.989203],[-132.092193,54.975531],[-132.03539,55.022773],[-131.963043,55.030219],[-132.010243,54.968085],[-131.961822,54.957709],[-131.976064,54.908149],[-132.047027,54.898586],[-131.968617,54.853502],[-131.976715,54.831529]]],[[[-132.612904,56.400621],[-132.668202,56.352851],[-132.647206,56.282416],[-132.819651,56.236151],[-133.055247,56.344794],[-132.924224,56.451972],[-132.702952,56.462104],[-132.612904,56.400621]]],[[[-132.004018,56.339179],[-131.928334,56.194566],[-131.996205,56.188544],[-132.013254,56.141343],[-132.072336,56.119452],[-132.099192,56.162909],[-132.338246,56.257799],[-132.333363,56.407945],[-132.375356,56.488471],[-132.260894,56.45893],[-132.151519,56.351996],[-132.004018,56.339179]]],[[[-154.055816,56.530341],[-153.877146,56.565131],[-153.965688,56.504625],[-154.120595,56.504136],[-154.055816,56.530341]]],[[[-157.060618,56.582221],[-156.988352,56.530585],[-157.139475,56.552069],[-157.331248,56.524156],[-157.259267,56.583401],[-157.060618,56.582221]]],[[[-154.42516,56.593044],[-154.410634,56.547593],[-154.45995,56.544664],[-154.44282,56.581204],[-154.474843,56.59809],[-154.516713,56.590155],[-154.528879,56.552069],[-154.487538,56.516791],[-154.610789,56.483222],[-154.73823,56.398261],[-154.791249,56.430854],[-154.700144,56.530341],[-154.536326,56.597602],[-154.42516,56.593044]]],[[[-154.08259,56.552069],[-154.210072,56.503648],[-154.322133,56.515082],[-154.350087,56.544664],[-154.279001,56.597805],[-154.124094,56.612616],[-154.049062,56.558295],[-154.093455,56.578803],[-154.08259,56.552069]]],[[[-132.959584,56.787991],[-132.922027,56.825832],[-132.816314,56.797349],[-132.533437,56.580308],[-132.68399,56.527167],[-132.74706,56.559516],[-132.764394,56.544664],[-132.722768,56.510484],[-132.773671,56.499091],[-132.918609,56.507025],[-132.952219,56.60163],[-132.881093,56.640204],[-132.959584,56.787991]]],[[[-133.884674,56.490058],[-133.825754,56.442206],[-133.908925,56.434801],[-133.875356,56.41059],[-133.916371,56.373358],[-133.843739,56.349107],[-133.847483,56.298245],[-133.868967,56.284735],[-133.975087,56.351386],[-133.978505,56.278754],[-133.908111,56.276353],[-133.891916,56.229804],[-133.943837,56.211982],[-133.916168,56.159003],[-133.941477,56.103095],[-133.980336,56.084662],[-134.039296,56.112616],[-134.009267,56.185126],[-134.052317,56.318752],[-134.072418,56.248603],[-134.107533,56.242987],[-134.09024,56.192694],[-134.190094,56.178127],[-134.16218,56.13996],[-134.103586,56.140286],[-134.086415,56.09219],[-134.121205,56.064846],[-134.102406,56.010728],[-134.14859,56.011664],[-134.141672,56.043769],[-134.224233,56.078518],[-134.207753,56.098578],[-134.236887,56.118109],[-134.197174,56.162055],[-134.247304,56.178371],[-134.264556,56.260403],[-134.224762,56.257636],[-134.160064,56.312405],[-134.169586,56.332343],[-134.292551,56.298245],[-134.259918,56.315904],[-134.281972,56.362779],[-134.231068,56.369615],[-134.237294,56.414293],[-134.180409,56.412502],[-134.178375,56.441352],[-134.155344,56.365912],[-134.104115,56.408108],[-134.039296,56.373358],[-134.067372,56.477607],[-134.034413,56.485907],[-134.081776,56.551581],[-134.121205,56.496894],[-134.218007,56.556789],[-134.306142,56.558295],[-134.086415,56.64704],[-134.246897,56.620103],[-134.285715,56.64704],[-134.224233,56.661689],[-134.222727,56.694403],[-134.357574,56.676581],[-134.397084,56.72956],[-134.40567,56.852688],[-134.361155,56.863593],[-134.280873,56.792792],[-134.328236,56.888739],[-134.306142,56.897895],[-134.107533,56.84634],[-134.264556,56.941881],[-134.012685,56.885159],[-133.904897,56.760647],[-133.959828,56.671291],[-134.025014,56.653876],[-133.993764,56.639228],[-133.870758,56.714911],[-133.862375,56.809882],[-133.717152,56.771186],[-133.780344,56.686428],[-133.732167,56.663153],[-133.705678,56.604153],[-133.735911,56.567125],[-133.922597,56.616645],[-133.847483,56.565131],[-133.919504,56.513617],[-133.884674,56.490058]]],[[[-133.912668,57.08275],[-133.335113,56.997382],[-133.263254,56.925279],[-133.236724,56.935045],[-133.298736,57.010199],[-133.052358,56.982856],[-132.935658,56.866848],[-132.991078,56.808417],[-132.933949,56.641588],[-133.010813,56.606106],[-133.185658,56.721625],[-133.233632,56.801907],[-133.346425,56.837592],[-133.305084,56.735419],[-133.221791,56.731635],[-133.24234,56.634101],[-133.107086,56.620998],[-133.107004,56.5987],[-133.168446,56.606106],[-133.100738,56.585639],[-133.079091,56.530341],[-133.134348,56.530341],[-133.12385,56.491767],[-133.160024,56.457709],[-133.435943,56.503648],[-133.408599,56.475735],[-133.441314,56.453803],[-133.621246,56.442206],[-133.659413,56.464179],[-133.654164,56.556708],[-133.689198,56.571967],[-133.634592,56.606106],[-133.70287,56.674994],[-133.692698,56.792792],[-133.661855,56.791083],[-133.67927,56.853705],[-133.764963,56.812201],[-133.888173,56.901435],[-133.73762,56.89411],[-134.018178,57.017564],[-134.004384,57.063666],[-133.912668,57.08275]]],[[[-152.907867,57.16474],[-152.884511,57.14997],[-152.926137,57.125963],[-153.209218,57.079047],[-153.235585,57.009833],[-153.272165,56.998521],[-153.342722,57.003974],[-153.316029,57.072821],[-153.41161,57.079047],[-153.338328,57.101752],[-153.391103,57.106391],[-153.244374,57.211005],[-153.180857,57.174994],[-153.212351,57.133694],[-153.089467,57.181464],[-152.907867,57.16474]]],[[[-135.601552,57.171576],[-135.546295,57.141099],[-135.628245,57.010199],[-135.841135,56.989691],[-135.82315,57.079779],[-135.710805,57.168443],[-135.809722,57.173],[-135.80016,57.236721],[-135.855377,57.22309],[-135.825266,57.284084],[-135.843739,57.324693],[-135.724762,57.328925],[-135.615224,57.284491],[-135.553782,57.229926],[-135.628245,57.236721],[-135.601552,57.171576]]],[[[-134.62149,56.743842],[-134.612457,56.56509],[-134.628285,56.54857],[-134.659006,56.58808],[-134.66926,56.537828],[-134.626047,56.486233],[-134.62149,56.4112],[-134.663075,56.25727],[-134.626373,56.261461],[-134.66747,56.170396],[-134.682932,56.229315],[-134.765492,56.22248],[-134.826975,56.325588],[-134.882436,56.329576],[-135.052846,56.537828],[-135.019358,56.585639],[-134.947011,56.587307],[-134.847401,56.688666],[-134.961008,56.626532],[-134.981597,56.660793],[-134.936838,56.715969],[-134.984731,56.714545],[-135.028472,56.631334],[-135.109771,56.601752],[-135.112213,56.678697],[-134.99885,56.761664],[-135.031809,56.775133],[-135.187896,56.676744],[-135.185536,56.7414],[-135.154693,56.745917],[-135.158681,56.800238],[-135.121734,56.832017],[-135.269276,56.789008],[-135.367543,56.828925],[-135.36026,56.8876],[-135.294504,56.892157],[-135.374989,56.941881],[-135.350006,56.970404],[-135.164052,57.013617],[-135.165354,57.041734],[-135.310292,57.047349],[-135.374989,57.092719],[-135.35025,57.149359],[-135.266428,57.161038],[-135.412913,57.157904],[-135.334055,57.250393],[-135.529205,57.236721],[-135.674957,57.358629],[-135.475331,57.354315],[-135.608998,57.3876],[-135.508778,57.45954],[-135.51537,57.515611],[-135.381174,57.553616],[-135.279408,57.511054],[-135.396067,57.442694],[-135.316518,57.478339],[-135.180287,57.480699],[-135.142242,57.469428],[-135.203684,57.428534],[-135.130279,57.441107],[-134.994781,57.397773],[-134.909495,57.339789],[-134.998199,57.346584],[-134.950429,57.325507],[-134.984527,57.298163],[-134.939076,57.299506],[-134.923492,57.259223],[-134.838979,57.257799],[-134.854848,57.216254],[-134.808258,57.181383],[-134.833119,57.141099],[-134.744985,57.051744],[-134.689768,56.849677],[-134.62149,56.743842]]],[[[-153.301747,57.833197],[-153.541941,57.935614],[-153.482249,57.977769],[-153.32665,57.926581],[-153.212961,57.830308],[-153.301747,57.833197]]],[[[-152.160878,57.627143],[-152.362986,57.428534],[-152.486155,57.428534],[-152.46227,57.469428],[-152.530832,57.442206],[-152.753651,57.511054],[-152.973378,57.51789],[-152.910715,57.489936],[-153.028025,57.476264],[-153.041697,57.428534],[-152.800649,57.470771],[-152.596018,57.373928],[-152.663075,57.299547],[-152.837473,57.270738],[-152.9051,57.319281],[-152.882151,57.352484],[-153.120798,57.315741],[-153.174753,57.351386],[-153.172922,57.30508],[-153.032582,57.304918],[-152.959096,57.257148],[-153.096303,57.218248],[-153.253285,57.236721],[-153.335886,57.1883],[-153.391103,57.209418],[-153.373728,57.178046],[-153.455271,57.116848],[-153.486073,57.175727],[-153.54186,57.175849],[-153.500356,57.168443],[-153.526845,57.126695],[-153.498158,57.074286],[-153.761057,57.051744],[-153.591257,57.048163],[-153.67162,57.010199],[-153.559763,56.986518],[-153.62678,56.936184],[-153.666941,56.93769],[-153.678456,56.97663],[-153.778879,56.877021],[-153.702707,56.887274],[-153.701405,56.864203],[-153.837717,56.844184],[-153.987253,56.743842],[-154.137807,56.743842],[-154.130116,56.786526],[-153.774729,56.997138],[-153.849802,56.969184],[-153.852406,57.023627],[-153.896921,56.965888],[-153.973337,56.962958],[-153.898183,57.072821],[-153.739939,57.133694],[-153.805735,57.154202],[-154.099558,56.96483],[-154.137807,57.003974],[-154.110463,57.038072],[-153.959665,57.120063],[-154.240834,57.154771],[-154.494944,57.113593],[-154.412953,57.050198],[-154.27241,57.117377],[-154.103708,57.113837],[-154.158315,56.969184],[-154.24767,56.941881],[-154.221791,56.92536],[-154.237986,56.899563],[-154.281809,56.887274],[-154.296091,56.914537],[-154.299184,56.866848],[-154.240834,56.879828],[-154.304921,56.85578],[-154.328318,56.929674],[-154.528554,56.991645],[-154.535024,57.174628],[-154.601511,57.258938],[-154.783152,57.272935],[-154.802561,57.291327],[-154.758168,57.315579],[-154.810007,57.346584],[-154.70698,57.339789],[-154.734242,57.360256],[-154.708445,57.395697],[-154.726877,57.428534],[-154.644276,57.466742],[-154.614735,57.526557],[-154.549306,57.544582],[-154.521433,57.51789],[-154.514882,57.579291],[-154.398508,57.566311],[-154.446889,57.586127],[-154.356923,57.648261],[-154.220326,57.675523],[-154.018625,57.647203],[-153.973337,57.572496],[-154.110463,57.544582],[-153.935496,57.53498],[-153.890736,57.408026],[-153.747304,57.303412],[-153.630686,57.270901],[-153.743764,57.318915],[-153.81135,57.41234],[-153.808827,57.51789],[-153.849802,57.558824],[-153.842519,57.581977],[-153.678456,57.544582],[-153.884592,57.648261],[-153.667592,57.641832],[-153.630686,57.599799],[-153.584584,57.617092],[-153.698964,57.682359],[-153.905751,57.711249],[-153.924631,57.810492],[-153.83613,57.874172],[-153.665476,57.89468],[-153.574412,57.839545],[-153.507192,57.627143],[-153.527659,57.723334],[-153.439524,57.699408],[-153.514027,57.743842],[-153.499135,57.760891],[-153.446238,57.777411],[-153.363149,57.709662],[-153.321278,57.730902],[-153.458811,57.802802],[-153.47643,57.839016],[-153.449167,57.846869],[-153.211049,57.78559],[-153.212351,57.72956],[-153.178822,57.709662],[-153.198679,57.857123],[-153.240305,57.902086],[-153.048451,57.833197],[-153.295155,57.986396],[-153.28425,58.010443],[-153.012766,57.929104],[-152.982655,57.951483],[-152.808298,57.908271],[-152.890818,57.874172],[-152.856679,57.874172],[-152.893503,57.860419],[-152.925242,57.768256],[-152.885569,57.728705],[-152.856679,57.740424],[-152.858713,57.814399],[-152.817983,57.860419],[-152.741811,57.82689],[-152.685374,57.887844],[-152.623972,57.8605],[-152.624582,57.932847],[-152.486318,57.910712],[-152.428334,57.868069],[-152.421132,57.821967],[-152.363271,57.846869],[-152.329091,57.825751],[-152.551137,57.703315],[-152.463083,57.722886],[-152.493601,57.655097],[-152.39741,57.688544],[-152.42634,57.613511],[-152.160878,57.627143]]],[[[-136.389801,57.963568],[-136.392486,57.898871],[-136.451283,57.846869],[-136.464263,57.89468],[-136.50593,57.902086],[-136.478586,57.935614],[-136.552846,57.925116],[-136.512766,58.003892],[-136.561147,58.017524],[-136.542836,58.065904],[-136.475331,58.097846],[-136.361928,58.031195],[-136.336822,58.007025],[-136.389801,57.963568]]],[[[-153.418365,58.065985],[-153.277781,58.146796],[-152.890818,57.997707],[-153.000071,57.984036],[-153.202707,58.029771],[-153.262644,58.085354],[-153.288075,58.086412],[-153.253285,58.052314],[-153.418365,58.065985]]],[[[-151.866078,58.257758],[-151.793446,58.244696],[-151.846181,58.175198],[-151.897084,58.192857],[-151.866078,58.257758]]],[[[-135.847971,57.394355],[-135.853871,57.425035],[-136.012441,57.51789],[-135.946767,57.516343],[-135.810211,57.439887],[-135.779693,57.435289],[-135.800893,57.465806],[-136.073883,57.607327],[-135.991322,57.592963],[-135.950347,57.620917],[-136.084584,57.648505],[-136.115468,57.621649],[-136.142812,57.644761],[-136.088206,57.688544],[-136.207631,57.748277],[-136.224721,57.784817],[-136.277252,57.775336],[-136.362416,57.840155],[-136.416493,57.825751],[-136.348256,57.928778],[-136.364369,57.975775],[-136.31192,57.99551],[-136.032948,57.846869],[-136.409657,58.079901],[-136.424184,58.122463],[-136.380238,58.140367],[-136.272532,58.106879],[-136.355702,58.219875],[-136.263173,58.216946],[-136.183176,58.120551],[-136.193715,58.083645],[-136.101186,58.058539],[-136.164784,58.101955],[-136.177561,58.189439],[-136.136586,58.223049],[-135.965321,58.164008],[-135.922841,58.23192],[-135.785064,58.276068],[-135.714996,58.229722],[-135.546295,58.196275],[-135.484853,58.162095],[-135.523427,58.102444],[-135.627309,58.041409],[-135.78307,58.04206],[-135.624827,58.01317],[-135.793324,57.984036],[-135.656158,57.949286],[-135.515533,58.058539],[-135.436431,58.079576],[-135.457509,58.127387],[-135.389272,58.141059],[-135.307362,58.120551],[-135.316762,58.100531],[-135.100575,58.096625],[-135.108062,58.07217],[-134.924794,58.027493],[-134.909495,57.935614],[-134.965077,57.886054],[-134.915679,57.846869],[-135.203684,57.943061],[-134.930002,57.81269],[-135.013783,57.785875],[-135.259389,57.795966],[-135.889556,57.997707],[-135.792226,57.934149],[-135.372385,57.805243],[-135.320953,57.758043],[-135.363881,57.726223],[-135.210032,57.706488],[-135.073476,57.751939],[-134.913889,57.755845],[-134.813873,57.497463],[-134.874745,57.489936],[-134.847401,57.469428],[-134.871409,57.461005],[-135.056874,57.46662],[-135.813222,57.764309],[-135.724355,57.725409],[-135.703969,57.675523],[-135.806996,57.641425],[-135.710805,57.648261],[-135.604848,57.607082],[-135.570465,57.572496],[-135.656158,57.552069],[-135.577707,57.555487],[-135.546295,57.466051],[-135.621409,57.448961],[-135.59911,57.419257],[-135.656972,57.416205],[-135.642486,57.3876],[-135.690785,57.367011],[-135.847971,57.394355]]],[[[-134.597279,58.23725],[-134.67984,58.309272],[-134.563344,58.34455],[-134.481842,58.333482],[-134.258412,58.196275],[-134.597279,58.23725]]],[[[-134.353993,57.092719],[-134.614613,57.010199],[-134.5985,57.069973],[-134.622914,57.110826],[-134.579905,57.154771],[-134.63329,57.224189],[-134.525543,57.215766],[-134.50475,57.236721],[-134.58316,57.269355],[-134.457021,57.311835],[-134.559397,57.352769],[-134.556304,57.397773],[-134.312978,57.332343],[-134.367584,57.373928],[-134.306142,57.394355],[-134.463857,57.394355],[-134.569163,57.492011],[-134.353993,57.544582],[-134.566884,57.511054],[-134.653554,57.598212],[-134.716054,57.745795],[-134.698883,57.812486],[-134.75121,57.99022],[-134.806467,58.055406],[-134.744985,58.113186],[-134.758656,58.147895],[-134.731313,58.1789],[-134.774973,58.171291],[-134.783681,58.1105],[-134.907623,58.201239],[-134.883616,58.254706],[-134.944895,58.278632],[-134.961008,58.404853],[-134.809438,58.330634],[-134.693186,58.168402],[-134.176991,58.16352],[-134.16218,58.127387],[-134.203765,58.127387],[-133.888417,57.798407],[-133.872629,57.673814],[-133.789296,57.588853],[-133.826161,57.585924],[-133.962961,57.692328],[-134.01061,57.806586],[-134.088043,57.845893],[-134.141672,57.956732],[-134.231068,58.02497],[-134.172678,58.013739],[-134.306752,58.09809],[-134.264556,58.02497],[-134.319203,58.031195],[-134.224233,57.969713],[-134.31664,57.996649],[-134.274078,57.906155],[-134.289174,57.836656],[-134.20873,57.839911],[-134.047109,57.683336],[-134.08023,57.661933],[-133.937856,57.618557],[-133.926178,57.54442],[-133.839996,57.462633],[-134.072825,57.511054],[-134.045481,57.476264],[-134.100697,57.476264],[-133.97704,57.449205],[-133.99828,57.415473],[-133.893219,57.435004],[-133.86498,57.355129],[-133.958079,57.303697],[-134.067942,57.356838],[-134.093902,57.325507],[-134.175852,57.3876],[-134.142323,57.304511],[-134.072825,57.277655],[-134.084788,57.256415],[-134.127431,57.264635],[-134.167388,57.191555],[-134.245595,57.182563],[-134.319203,57.120063],[-134.361399,57.133694],[-134.388092,57.106391],[-134.353993,57.092719]]],[[[-151.966013,58.332831],[-151.972239,58.23725],[-152.116811,58.147895],[-152.219228,58.203111],[-152.246165,58.268256],[-152.27656,58.264228],[-152.329091,58.216783],[-152.294626,58.197333],[-152.370066,58.203111],[-152.273874,58.134833],[-152.342763,58.106879],[-152.455068,58.137356],[-152.548207,58.086412],[-152.555043,58.209947],[-152.57665,58.206692],[-152.644399,58.07217],[-152.733266,58.053371],[-152.767323,58.079576],[-152.765818,58.022854],[-152.804921,57.991523],[-153.014353,58.045478],[-153.058298,58.078599],[-153.048451,58.106879],[-153.16747,58.111151],[-153.229604,58.168891],[-153.188466,58.219875],[-152.9051,58.168402],[-153.109934,58.271389],[-153.01948,58.307278],[-152.795359,58.287258],[-152.767323,58.257758],[-152.769114,58.332017],[-152.801462,58.353949],[-152.760487,58.360175],[-152.883372,58.408596],[-152.773508,58.417711],[-152.734242,58.454047],[-152.692983,58.432115],[-152.650624,58.483629],[-152.603464,58.456366],[-152.499827,58.463202],[-152.527089,58.414781],[-152.465647,58.401109],[-152.476877,58.361477],[-152.405588,58.363227],[-152.419667,58.322943],[-152.375111,58.344957],[-152.349355,58.421129],[-152.260203,58.414781],[-152.256785,58.372016],[-152.211903,58.353502],[-152.116811,58.401109],[-152.083201,58.373521],[-152.154164,58.261542],[-152.143544,58.233832],[-152.099924,58.311916],[-152.065623,58.306342],[-152.06843,58.278266],[-152.000803,58.351874],[-151.966013,58.332831]]],[[[-152.644399,58.518459],[-152.664296,58.546373],[-152.453684,58.62816],[-152.348988,58.628323],[-152.363271,58.551947],[-152.502024,58.473456],[-152.644399,58.518459]]],[[[-160.947643,58.737648],[-160.687786,58.818724],[-160.897858,58.570343],[-161.074126,58.546924],[-161.079486,58.629784],[-161.171903,58.690754],[-161.07803,58.639275],[-161.061676,58.700505],[-160.947643,58.737648]]],[[[-152.249705,58.922512],[-152.363271,58.915717],[-152.327219,58.935045],[-152.329091,58.970893],[-152.157786,58.956692],[-152.249705,58.922512]]],[[[-150.704172,59.395453],[-150.608591,59.381171],[-150.67748,59.31977],[-150.76183,59.316799],[-150.779856,59.334052],[-150.704172,59.395453]]],[[[-153.524526,59.330268],[-153.55016,59.366889],[-153.476755,59.405422],[-153.397939,59.408515],[-153.357411,59.378119],[-153.405873,59.338568],[-153.524526,59.330268]]],[[[-150.334828,59.456977],[-150.294626,59.464586],[-150.314402,59.422187],[-150.443471,59.402289],[-150.410512,59.446275],[-150.334828,59.456977]]],[[[-144.341786,59.984524],[-144.220815,59.995795],[-144.605295,59.813178],[-144.552358,59.873236],[-144.341786,59.984524]]],[[[-148.005035,60.046576],[-148.081166,59.971666],[-148.244985,59.943549],[-148.182322,59.964057],[-148.223256,59.99136],[-148.144846,59.972398],[-148.005035,60.046576]]],[[[-147.82665,60.052802],[-147.895172,59.990424],[-148.046376,59.957099],[-147.876576,60.076361],[-147.829701,60.077867],[-147.82665,60.052802]]],[[[-147.963775,60.07392],[-148.044423,60.070299],[-148.059397,60.052802],[-148.032094,60.052802],[-148.141306,60.011786],[-147.966461,60.156562],[-147.953236,60.121649],[-147.881256,60.107367],[-147.963775,60.07392]]],[[[-148.159373,60.043158],[-148.313832,60.032294],[-148.189768,60.046576],[-148.299631,60.052802],[-148.189768,60.087551],[-148.285959,60.094387],[-148.140818,60.147895],[-148.114003,60.129096],[-148.049998,60.195705],[-148.099233,60.083482],[-148.159373,60.043158]]],[[[-147.107249,60.2862],[-146.922271,60.306627],[-147.328196,60.070258],[-147.376617,60.01553],[-147.367014,59.972846],[-147.487416,59.943549],[-147.453603,59.895901],[-147.49234,59.861802],[-147.643707,59.862616],[-147.668772,59.819281],[-147.915395,59.79267],[-147.886138,59.857611],[-147.737213,59.902533],[-147.804921,59.920356],[-147.668935,59.970893],[-147.703114,59.997504],[-147.424631,60.111233],[-147.295644,60.232164],[-147.201161,60.242174],[-147.189605,60.362209],[-147.115549,60.381659],[-147.086781,60.375556],[-147.120269,60.347602],[-147.011057,60.347602],[-147.107249,60.2862]]],[[[-147.977447,60.375556],[-148.042226,60.286566],[-148.135121,60.299791],[-148.075632,60.369371],[-147.977447,60.375556]]],[[[-145.174428,60.382392],[-145.095082,60.416327],[-145.12328,60.311754],[-145.284291,60.33393],[-145.174428,60.382392]]],[[[-146.188629,60.402167],[-146.078765,60.402167],[-146.223988,60.351386],[-146.333608,60.35224],[-146.600168,60.245185],[-146.682037,60.2862],[-146.490305,60.361274],[-146.59911,60.375474],[-146.655588,60.340644],[-146.722646,60.386217],[-146.588124,60.484036],[-146.353098,60.471137],[-146.36677,60.409654],[-146.129628,60.436225],[-146.188629,60.402167]]],[[[-147.771392,60.409654],[-147.84024,60.395982],[-147.812489,60.446234],[-147.771392,60.485419],[-147.785715,60.430813],[-147.710113,60.452582],[-147.70816,60.506781],[-147.682607,60.471137],[-147.634511,60.481676],[-147.614369,60.436957],[-147.737213,60.395982],[-147.625356,60.389594],[-147.738759,60.259833],[-147.710561,60.25141],[-147.741282,60.19359],[-147.798695,60.170111],[-147.84024,60.193671],[-147.79247,60.238349],[-147.908559,60.238349],[-147.867584,60.272528],[-147.908559,60.292955],[-147.780385,60.314846],[-147.757721,60.341376],[-147.874989,60.333401],[-147.806142,60.347602],[-147.860585,60.377387],[-147.771392,60.409654]]],[[[-151.869822,60.485419],[-151.96349,60.426174],[-151.966013,60.375556],[-152.08967,60.359117],[-152.027455,60.368109],[-151.953196,60.50849],[-151.869822,60.485419]]],[[[-145.757232,60.62873],[-145.773101,60.582953],[-146.0631,60.488267],[-146.332631,60.464911],[-146.286448,60.51732],[-146.120107,60.519477],[-145.949045,60.567328],[-145.969553,60.587836],[-145.757232,60.62873]]],[[[-147.49767,60.656684],[-147.428782,60.711371],[-147.374338,60.664862],[-147.312734,60.684027],[-147.339711,60.645575],[-147.49767,60.656684]]],[[[-147.929067,60.718166],[-147.90982,60.744818],[-147.847076,60.693996],[-147.935902,60.662909],[-148.012196,60.725002],[-147.949534,60.711371],[-147.960357,60.752346],[-147.929067,60.718166]]],[[[-148.16865,60.662909],[-148.222239,60.706122],[-148.196604,60.744818],[-148.21703,60.759101],[-148.111155,60.738105],[-148.107777,60.662909],[-148.16865,60.662909]]],[[[-148.087351,60.800116],[-148.135121,60.813137],[-148.128285,60.8581],[-148.069895,60.904242],[-148.107777,60.923],[-147.967641,60.905585],[-147.912343,60.825426],[-148.087351,60.800116]]],[[[-162.34081,63.602484],[-162.359364,63.54621],[-162.7176,63.575181],[-162.666086,63.616767],[-162.42809,63.642157],[-162.34081,63.602484]]],[[[-163.185374,69.610256],[-163.129099,69.681545],[-163.167917,69.638495],[-163.176259,69.482245],[-163.185374,69.610256]]],[[[-163.055776,69.804511],[-162.841135,69.93476],[-163.01179,69.832343],[-163.129099,69.701972],[-163.055776,69.804511]]],[[[-162.701772,70.022325],[-162.556467,70.090277],[-162.737172,69.978095],[-162.806345,69.948391],[-162.701772,70.022325]]],[[[-162.484527,70.173163],[-162.162709,70.269924],[-162.343739,70.220201],[-162.559926,70.106024],[-162.484527,70.173163]]],[[[-161.551137,70.325995],[-161.837839,70.343411],[-161.977122,70.312161],[-161.888132,70.353949],[-161.551137,70.325995]]],[[[-166.094553,53.980658],[-166.15392,53.955308],[-166.196116,53.981024],[-166.094553,53.980658]]],[[[-159.521474,54.792222],[-159.527089,54.759467],[-159.569325,54.754584],[-159.604197,54.812323],[-159.521474,54.792222]]],[[[-161.333567,55.191474],[-161.360463,55.163031],[-161.439687,55.197333],[-161.35436,55.221503],[-161.333567,55.191474]]],[[[-161.559031,55.254462],[-161.564076,55.207913],[-161.691721,55.211615],[-161.559031,55.254462]]],[[[-159.312734,55.811225],[-159.302113,55.759223],[-159.362294,55.786282],[-159.312734,55.811225]]],[[[-156.680409,56.039008],[-156.694936,56.009345],[-156.746165,56.034898],[-156.701283,56.066148],[-156.680409,56.039008]]],[[[-156.779897,56.189643],[-156.792063,56.153022],[-156.809316,56.190131],[-156.77831,56.226711],[-156.779897,56.189643]]],[[[-157.812327,56.342882],[-157.833323,56.313666],[-157.898386,56.339057],[-157.856557,56.362128],[-157.812327,56.342882]]],[[[-153.833811,57.502021],[-153.843577,57.436225],[-153.887807,57.508979],[-153.867909,57.543362],[-153.833811,57.502021]]],[[[-152.343902,57.923326],[-152.330149,57.907457],[-152.369374,57.88642],[-152.504832,57.925727],[-152.492747,57.961575],[-152.432322,57.969184],[-152.417104,57.930365],[-152.343902,57.923326]]],[[[-152.744374,57.983832],[-152.764109,57.93008],[-152.860707,57.954657],[-152.744374,57.983832]]],[[[-152.81135,58.290351],[-152.930613,58.328559],[-152.846059,58.337592],[-152.795481,58.312201],[-152.782419,58.288642],[-152.81135,58.290351]]],[[[-160.258738,58.678616],[-160.243845,58.662665],[-160.27718,58.636693],[-160.31626,58.683487],[-160.301242,58.729354],[-160.258738,58.678616]]],[[[-160.384592,58.730862],[-160.433095,58.684638],[-160.405998,58.751282],[-160.384592,58.730862]]],[[[-150.210846,61.173041],[-150.177724,61.161363],[-150.196238,61.141303],[-150.276438,61.127387],[-150.210846,61.173041]]],[[[-164.586903,63.064439],[-164.567006,63.046291],[-164.611806,63.046698],[-164.586903,63.064439]]],[[[-179.143503,51.275051],[-179.088246,51.296088],[-179.061594,51.247707],[-179.119008,51.215399],[-179.143503,51.275051]]],[[[-178.985829,51.384223],[-178.954416,51.395209],[-178.904246,51.353827],[-178.986887,51.307522],[-178.985829,51.384223]]],[[[-178.786529,51.829901],[-178.740183,51.783637],[-178.808298,51.747301],[-178.858876,51.795722],[-178.786529,51.829901]]],[[[-176.264719,51.810004],[-176.292673,51.741156],[-176.38561,51.737128],[-176.409373,51.823676],[-176.388865,51.81623],[-176.423044,51.85102],[-176.303212,51.868964],[-176.292673,51.843736],[-176.354115,51.829901],[-176.264719,51.810004]]],[[[-176.011464,51.829901],[-175.998484,51.802558],[-176.106394,51.826483],[-176.094065,51.795722],[-176.13561,51.829901],[-176.148671,51.775295],[-176.223744,51.843573],[-176.190134,51.886705],[-176.111928,51.838568],[-176.093861,51.858588],[-176.011464,51.829901]]],[[[-175.990956,51.884508],[-175.97053,51.898139],[-175.956858,51.85102],[-176.107737,51.884508],[-176.020945,51.912787],[-175.990956,51.884508]]],[[[-177.800282,51.795722],[-177.77302,51.775295],[-177.810374,51.69538],[-177.916982,51.665432],[-177.895863,51.603949],[-177.933461,51.5987],[-177.973622,51.645168],[-178.101389,51.665432],[-178.079945,51.700344],[-177.963083,51.720526],[-177.955393,51.763739],[-178.213816,51.876044],[-178.147817,51.9147],[-177.95226,51.92475],[-177.840647,51.836737],[-177.622182,51.857164],[-177.64741,51.820502],[-177.800282,51.795722]]],[[[-177.122182,51.932929],[-177.046824,51.891995],[-177.136952,51.822821],[-177.127756,51.747463],[-177.156687,51.700141],[-177.203847,51.713813],[-177.277659,51.680121],[-177.436147,51.725898],[-177.598582,51.702704],[-177.660024,51.652981],[-177.704701,51.700141],[-177.646352,51.73371],[-177.522898,51.720038],[-177.29247,51.782782],[-177.215525,51.818793],[-177.194407,51.929999],[-177.122182,51.932929]]],[[[-175.72411,51.973863],[-175.662058,51.959621],[-175.739695,51.934556],[-175.72411,51.973863]]],[[[-176.437245,51.788275],[-176.415598,51.754788],[-176.470815,51.720038],[-176.490793,51.754218],[-176.588124,51.685858],[-176.710398,51.685858],[-176.710398,51.617011],[-176.751332,51.637437],[-176.814443,51.615546],[-176.827097,51.720038],[-176.917063,51.601549],[-176.977895,51.600287],[-176.966624,51.669135],[-176.820261,51.7685],[-176.909006,51.775295],[-176.904775,51.807563],[-176.704172,51.788275],[-176.779856,51.829047],[-176.706003,51.859687],[-176.779286,51.908677],[-176.758778,51.953437],[-176.545888,51.980129],[-176.549428,51.91413],[-176.641469,51.857164],[-176.504954,51.823676],[-176.463979,51.85102],[-176.427683,51.834296],[-176.437245,51.788275]]],[[[-176.138743,51.994371],[-176.194529,52.051093],[-176.143259,52.107123],[-176.068715,52.107652],[-175.995595,52.032945],[-175.963694,52.035346],[-176.030263,52.012844],[-176.04304,51.963365],[-176.138743,51.994371]]],[[[-173.123402,52.107978],[-172.974477,52.083889],[-173.164906,52.056342],[-173.238596,52.075751],[-173.490224,52.021674],[-173.688832,52.069485],[-173.836008,52.043362],[-174.059438,52.124701],[-173.887441,52.138373],[-173.901112,52.111721],[-173.846506,52.124701],[-173.805531,52.089911],[-173.765207,52.127387],[-173.59203,52.152045],[-173.531199,52.144965],[-173.544871,52.117906],[-173.353098,52.089911],[-173.123402,52.107978]]],[[[-172.407175,52.385443],[-172.301584,52.344306],[-172.310902,52.316474],[-172.529408,52.25023],[-172.633046,52.261298],[-172.557973,52.350653],[-172.441274,52.399075],[-172.407175,52.385443]]],[[[-174.051951,52.24079],[-174.20283,52.212836],[-174.098948,52.112982],[-174.223256,52.124701],[-174.21642,52.089911],[-174.321034,52.123358],[-174.413197,52.113837],[-174.435536,52.097398],[-174.374135,52.104234],[-174.411366,52.042792],[-174.524973,52.097398],[-174.490183,52.035346],[-174.542185,52.061428],[-174.538564,52.035346],[-174.62739,52.02851],[-174.709299,52.049018],[-174.715281,52.016506],[-174.888051,52.042792],[-175.035024,52.00434],[-175.340525,52.014838],[-175.161326,52.048529],[-175.019846,52.03148],[-175.019968,52.07453],[-174.974599,52.058336],[-174.906565,52.114895],[-174.893788,52.088935],[-174.855092,52.104804],[-174.785634,52.07689],[-174.722971,52.124701],[-174.601552,52.104641],[-174.497629,52.152045],[-174.559071,52.179348],[-174.412668,52.17121],[-174.449208,52.212836],[-174.339345,52.186184],[-174.228261,52.267524],[-174.344919,52.315375],[-174.346791,52.281806],[-174.415842,52.293443],[-174.435536,52.322699],[-174.338612,52.335517],[-174.346791,52.364325],[-174.190297,52.417873],[-174.010976,52.3581],[-173.991892,52.312567],[-174.051951,52.24079]]],[[[-171.256418,52.529446],[-171.207631,52.498725],[-171.222157,52.46308],[-171.311635,52.46426],[-171.256418,52.529446]]],[[[-170.604644,52.687079],[-170.565907,52.656155],[-170.621938,52.593899],[-170.837392,52.549262],[-170.846669,52.584377],[-170.743723,52.678697],[-170.604644,52.687079]]],[[[-170.1044,52.78266],[-170.056101,52.760321],[-170.063425,52.73428],[-170.194407,52.727444],[-170.18696,52.78266],[-170.1044,52.78266]]],[[[-169.686635,52.872016],[-169.67927,52.823635],[-169.723378,52.774482],[-169.864817,52.820868],[-169.964101,52.789496],[-170.011098,52.823635],[-169.85029,52.882514],[-169.686635,52.872016]]],[[[-170.070261,52.919176],[-169.994578,52.905585],[-170.056101,52.857082],[-170.124827,52.888617],[-170.070261,52.919176]]],[[[-169.693471,53.035875],[-169.666208,53.001166],[-169.748118,52.946519],[-169.753285,53.024807],[-169.693471,53.035875]]],[[[-167.857493,53.392768],[-168.138173,53.273261],[-168.287587,53.242987],[-168.466054,53.056627],[-168.584055,53.030463],[-168.679311,52.96015],[-168.774526,52.956366],[-168.766062,52.913886],[-168.809031,52.933498],[-169.111277,52.823635],[-168.980946,52.878241],[-168.952992,52.940334],[-168.871083,52.954006],[-168.850575,53.022203],[-168.772084,53.066962],[-168.795969,53.138332],[-168.775339,53.170803],[-168.623362,53.274237],[-168.528188,53.248196],[-168.360789,53.271308],[-168.350942,53.302802],[-168.432851,53.330064],[-168.395701,53.366848],[-168.406565,53.409491],[-168.364613,53.467922],[-168.236806,53.530097],[-168.00829,53.570299],[-167.934682,53.52676],[-167.806996,53.520087],[-167.808095,53.477932],[-167.871165,53.426947],[-167.857493,53.392768]]],[[[-166.136952,53.837836],[-166.089182,53.844672],[-166.12682,53.81981],[-166.121205,53.783637],[-166.191599,53.776353],[-166.17158,53.74787],[-166.226308,53.727973],[-166.212636,53.708075],[-166.297841,53.760199],[-166.290517,53.795356],[-166.237864,53.815253],[-166.232533,53.783149],[-166.197825,53.837104],[-166.136952,53.837836]]],[[[-166.294301,53.727973],[-166.289499,53.679918],[-166.562123,53.618109],[-166.521189,53.584621],[-166.575795,53.593695],[-166.595652,53.5362],[-166.66454,53.598212],[-166.636586,53.532782],[-166.712961,53.549791],[-166.659169,53.490912],[-166.734364,53.511542],[-166.794871,53.570299],[-166.752187,53.450873],[-166.805002,53.471015],[-166.82905,53.439927],[-166.87682,53.481513],[-166.917795,53.439927],[-166.938914,53.463813],[-166.986684,53.426947],[-167.007395,53.452582],[-167.291737,53.371649],[-167.321848,53.330064],[-167.458974,53.32392],[-167.508249,53.259914],[-167.606068,53.280707],[-167.66511,53.241929],[-167.850046,53.309638],[-167.702952,53.385403],[-167.486928,53.378485],[-167.513621,53.412665],[-167.474599,53.434027],[-167.321523,53.416449],[-167.33613,53.447414],[-167.291615,53.47602],[-167.15864,53.477118],[-167.185292,53.522528],[-166.960032,53.5362],[-167.144358,53.556627],[-167.162058,53.602362],[-167.133778,53.631781],[-167.048166,53.598212],[-167.053578,53.627509],[-166.99352,53.618109],[-167.062367,53.66649],[-167.028025,53.704779],[-166.916371,53.715725],[-166.863149,53.631781],[-166.842641,53.659654],[-166.801707,53.631781],[-166.82905,53.708075],[-166.766916,53.690863],[-166.746449,53.700629],[-166.787465,53.708075],[-166.705515,53.721137],[-166.938303,53.769517],[-167.038197,53.755276],[-167.096547,53.824164],[-167.156199,53.829779],[-167.163401,53.857367],[-167.021596,53.961249],[-166.856313,53.967597],[-166.753896,54.016018],[-166.746449,53.975002],[-166.69929,54.00849],[-166.634592,54.004584],[-166.589426,53.961371],[-166.636586,53.923489],[-166.633494,53.871975],[-166.58198,53.879381],[-166.609934,53.831],[-166.489491,53.900092],[-166.459096,53.885565],[-166.370351,54.00849],[-166.373402,53.956773],[-166.276723,53.974921],[-166.267283,53.912909],[-166.218861,53.934027],[-166.224924,53.905463],[-166.283925,53.868964],[-166.336537,53.887437],[-166.356679,53.851508],[-166.431752,53.831],[-166.424184,53.804755],[-166.541615,53.790025],[-166.493235,53.769517],[-166.575144,53.714301],[-166.554677,53.686998],[-166.513743,53.727973],[-166.47643,53.697577],[-166.471303,53.733954],[-166.420277,53.758734],[-166.376536,53.721137],[-166.346181,53.782701],[-166.294301,53.727973]]],[[[-165.266713,54.091051],[-165.245676,54.056952],[-165.294057,54.043891],[-165.485829,54.07746],[-165.266713,54.091051]]],[[[-165.739084,54.12519],[-165.657175,54.12519],[-165.679514,54.099066],[-165.770619,54.070746],[-165.83906,54.084866],[-165.900746,54.033352],[-165.972483,54.071234],[-166.040761,54.036444],[-166.12267,54.118354],[-166.081736,54.180487],[-165.945505,54.222073],[-165.879628,54.213446],[-165.874867,54.174384],[-165.814809,54.187323],[-165.739084,54.153144],[-165.821645,54.132636],[-165.739084,54.12519]]],[[[-165.485829,54.173651],[-165.567942,54.112494],[-165.609975,54.118354],[-165.623891,54.145087],[-165.595693,54.173651],[-165.631785,54.189643],[-165.574574,54.235053],[-165.679799,54.248928],[-165.627065,54.296454],[-165.587229,54.266547],[-165.494333,54.296373],[-165.561594,54.242499],[-165.547312,54.222073],[-165.40453,54.19184],[-165.485829,54.173651]]],[[[-159.284535,54.940823],[-159.208811,54.918524],[-159.28661,54.871731],[-159.326161,54.907864],[-159.298207,54.920315],[-159.339182,54.934556],[-159.284535,54.940823]]],[[[-159.390085,55.023383],[-159.339182,54.975531],[-159.462717,54.948188],[-159.455271,54.981757],[-159.40807,54.981757],[-159.424794,55.030219],[-159.483144,55.016547],[-159.462717,55.064276],[-159.345408,55.050686],[-159.390085,55.023383]]],[[[-159.524159,55.071112],[-159.48998,55.058051],[-159.504465,55.042467],[-159.578725,55.092231],[-159.578725,55.050686],[-159.65925,55.065131],[-159.612904,55.092231],[-159.640248,55.133938],[-159.577138,55.112006],[-159.599843,55.133205],[-159.544626,55.150295],[-159.606068,55.167914],[-159.53364,55.251044],[-159.544626,55.198065],[-159.507069,55.171088],[-159.524159,55.071112]]],[[[-159.901479,55.140082],[-159.857533,55.190253],[-159.825795,55.180976],[-159.87975,55.105292],[-159.949452,55.128892],[-159.982859,55.099066],[-159.946116,55.069648],[-160.031239,55.071112],[-160.017039,55.045315],[-160.208445,54.873847],[-160.23705,54.888577],[-160.240224,54.927069],[-160.092722,55.050686],[-160.174631,55.058051],[-160.119985,55.071112],[-160.194814,55.121527],[-160.072214,55.099066],[-160.110585,55.160834],[-160.017568,55.105292],[-160.065378,55.201483],[-159.953603,55.175849],[-159.976633,55.208319],[-159.93163,55.218573],[-159.948679,55.252387],[-159.887278,55.297065],[-159.86498,55.251166],[-159.921986,55.22191],[-159.901479,55.140082]]],[[[-163.139027,55.40351],[-163.195058,55.412665],[-163.142771,55.441067],[-163.139027,55.40351]]],[[[179.400076,51.408433],[179.472341,51.370551],[179.243012,51.353827],[179.24643,51.391059],[179.076915,51.453559],[178.960134,51.542141],[178.735118,51.584906],[178.636404,51.637437],[178.682628,51.659003],[178.920177,51.611802],[179.122895,51.480414],[179.195323,51.470526],[179.240082,51.416693],[179.294281,51.419013],[179.28004,51.398505],[179.400076,51.408433]]],[[[178.252208,51.829901],[178.396169,51.7685],[178.341482,51.7685],[178.252208,51.829901]]],[[[178.533946,51.987494],[178.604259,51.93769],[178.516775,51.896186],[178.459972,51.944403],[178.477306,51.985907],[178.533946,51.987494]]],[[[179.780935,51.967027],[179.746593,51.913479],[179.6421,51.874172],[179.49822,51.916409],[179.486095,51.973863],[179.636974,52.035346],[179.780935,51.967027]]],[[[177.642589,52.124701],[177.69044,52.089911],[177.554454,51.968451],[177.612071,51.927924],[177.413585,51.93065],[177.365977,51.912095],[177.323578,51.826809],[177.224294,51.891995],[177.372569,51.974677],[177.508474,51.994574],[177.553884,52.104234],[177.642589,52.124701]]],[[[175.881847,52.377997],[175.990977,52.3581],[175.928884,52.33926],[175.881847,52.377997]]],[[[173.79127,52.501532],[173.713064,52.450588],[173.743419,52.361233],[173.660899,52.350653],[173.627615,52.394599],[173.388927,52.403795],[173.624522,52.500718],[173.79127,52.501532]]],[[[174.09669,52.713772],[174.113943,52.741034],[174.182302,52.706936],[174.09669,52.713772]]],[[[173.376638,52.830471],[173.321544,52.810858],[173.222667,52.843817],[173.146495,52.788275],[173.077485,52.828315],[172.944347,52.749823],[172.907481,52.754706],[172.893809,52.796088],[172.763438,52.795722],[172.811046,52.887926],[172.640391,52.868801],[172.652843,52.924384],[172.476085,52.926663],[172.660411,53.008612],[172.781098,53.01553],[172.969412,52.974433],[173.127208,52.99494],[173.184744,52.967597],[173.140147,52.926663],[173.167491,52.913031],[173.249848,52.944403],[173.32252,52.916002],[173.263031,52.872016],[173.441905,52.857733],[173.376638,52.830471]]],[[[-164.972524,54.12519],[-164.932729,54.114],[-164.976023,54.075751],[-165.225779,54.091051],[-165.133005,54.132636],[-165.040151,54.104682],[-164.972524,54.12519]]],[[[-162.409128,54.406399],[-162.368113,54.385891],[-162.435414,54.372016],[-162.485422,54.413886],[-162.409128,54.406399]]],[[[-162.587229,54.441107],[-162.549998,54.385891],[-162.655507,54.392076],[-162.63268,54.371894],[-162.841135,54.461005],[-162.813832,54.50434],[-162.587229,54.441107]]],[[[-162.374949,54.954413],[-162.262685,54.989203],[-162.230946,54.907294],[-162.278757,54.851996],[-162.342152,54.839545],[-162.434153,54.914374],[-162.374949,54.954413]]],[[[-163.073842,54.687567],[-163.063303,54.659613],[-163.155507,54.666205],[-163.114817,54.687567],[-163.140126,54.699856],[-163.228098,54.68008],[-163.369496,54.764553],[-163.431101,54.735012],[-163.449167,54.66352],[-163.622548,54.611802],[-163.789866,54.637926],[-164.13268,54.623236],[-164.329701,54.534817],[-164.334462,54.488267],[-164.405588,54.435981],[-164.652577,54.391995],[-164.845286,54.423489],[-164.909861,54.475287],[-164.958241,54.58515],[-164.700673,54.67829],[-164.547353,54.882758],[-164.477528,54.918891],[-164.225087,54.894721],[-164.15685,54.956977],[-163.75654,55.06037],[-163.525706,55.04385],[-163.539988,55.016547],[-163.444814,54.953681],[-163.35436,54.776923],[-163.144154,54.770331],[-163.073842,54.687567]]],[[[-161.730662,55.160549],[-161.641306,55.119534],[-161.751169,55.058051],[-161.813222,55.085395],[-161.783193,55.144924],[-161.813222,55.160549],[-161.826283,55.099066],[-161.908193,55.143459],[-161.843821,55.171332],[-161.730662,55.160549]]],[[[-160.325429,55.358547],[-160.336293,55.248684],[-160.531484,55.325019],[-160.486928,55.353217],[-160.325429,55.358547]]],[[[-160.497385,55.194648],[-160.558827,55.188422],[-160.511057,55.17414],[-160.538319,55.133205],[-160.675526,55.167914],[-160.683339,55.211371],[-160.771718,55.180976],[-160.818918,55.119534],[-160.853627,55.331855],[-160.784047,55.389879],[-160.695994,55.406928],[-160.658762,55.363837],[-160.70283,55.317572],[-160.679392,55.306708],[-160.610341,55.325019],[-160.599802,55.372789],[-160.559275,55.393134],[-160.535593,55.364325],[-160.58613,55.300482],[-160.546091,55.250434],[-160.579905,55.235582],[-160.497385,55.194648]]],[[[-160.147939,55.38642],[-160.346547,55.417467],[-160.304758,55.458319],[-160.171132,55.453762],[-160.147939,55.38642]]],[[[-158.708567,55.831488],[-158.858388,55.862982],[-158.887318,55.831488],[-158.845774,55.810981],[-158.883778,55.805243],[-158.908681,55.841295],[-158.900339,55.873725],[-158.828114,55.896715],[-158.708567,55.831488]]],[[[-169.580881,56.609524],[-169.474355,56.593004],[-169.586903,56.541409],[-169.789052,56.620347],[-169.580881,56.609524]]],[[[-170.241567,57.216254],[-170.104441,57.250393],[-170.168568,57.169013],[-170.289988,57.106391],[-170.275706,57.147935],[-170.385203,57.153551],[-170.412099,57.184801],[-170.241567,57.216254]]],[[[-165.582102,59.950995],[-165.554921,59.934638],[-165.598622,59.909654],[-165.754832,59.925116],[-165.864939,59.882758],[-165.973866,59.90351],[-165.979115,59.876166],[-166.12267,59.841132],[-166.246693,59.853909],[-166.267283,59.833686],[-166.134226,59.822333],[-166.081736,59.779039],[-166.182078,59.756293],[-166.298411,59.830512],[-166.613352,59.856391],[-167.020823,59.99136],[-167.011464,60.012274],[-167.121938,60.000718],[-167.254221,60.087551],[-167.306956,60.070014],[-167.328725,60.128607],[-167.45283,60.217231],[-167.304921,60.238837],[-166.820424,60.217597],[-166.801707,60.2862],[-166.760854,60.304429],[-166.577707,60.315253],[-166.558949,60.359442],[-166.459218,60.387152],[-166.403879,60.347602],[-166.185374,60.402167],[-166.15156,60.381171],[-166.157419,60.436957],[-166.108998,60.41649],[-166.07551,60.33393],[-165.810496,60.345893],[-165.684438,60.299791],[-165.71821,60.245551],[-165.678293,60.211086],[-165.7329,60.176337],[-165.678293,60.155829],[-165.671457,60.121649],[-165.726064,60.066474],[-165.623036,60.025458],[-165.643503,59.997504],[-165.613393,59.975653],[-165.541086,59.984524],[-165.582102,59.950995]]],[[[-172.297312,60.351304],[-172.208567,60.313463],[-172.263173,60.306627],[-172.385365,60.347602],[-172.599965,60.32982],[-173.057607,60.49844],[-173.037668,60.565375],[-172.925038,60.606676],[-172.906687,60.528266],[-172.811838,60.477973],[-172.53364,60.391506],[-172.379832,60.395982],[-172.297312,60.351304]]],[[[-170.296213,63.239407],[-170.449656,63.3251],[-170.707834,63.395209],[-170.485463,63.344672],[-170.296213,63.239407]]],[[[-168.740712,63.280992],[-168.728871,63.233832],[-168.850819,63.162828],[-169.039255,63.188056],[-169.331003,63.164944],[-169.144846,63.205878],[-169.351145,63.176215],[-169.526479,63.091376],[-169.577463,63.040758],[-169.542673,62.993598],[-169.666208,62.945217],[-169.755564,62.965644],[-169.76179,63.014106],[-169.705312,63.040188],[-169.817454,63.126776],[-170.094472,63.205878],[-170.262034,63.198432],[-170.218373,63.227932],[-170.234975,63.283515],[-170.444325,63.359198],[-170.796457,63.424384],[-170.85615,63.460354],[-171.083852,63.444892],[-171.43932,63.31977],[-171.735585,63.375922],[-171.821238,63.441718],[-171.852895,63.521186],[-171.807851,63.640326],[-171.751658,63.664049],[-171.728017,63.796129],[-171.635732,63.777289],[-171.633901,63.700385],[-171.407216,63.64411],[-171.504343,63.653266],[-171.543772,63.616767],[-171.487172,63.608954],[-171.310414,63.622992],[-171.379262,63.636664],[-170.93696,63.571682],[-170.64623,63.685045],[-170.310048,63.698676],[-170.082468,63.61518],[-170.038564,63.531928],[-170.084543,63.485826],[-169.657338,63.439643],[-169.521555,63.352973],[-169.291493,63.35932],[-169.186716,63.301459],[-169.070302,63.321357],[-169.22114,63.34927],[-169.007639,63.34927],[-168.715199,63.311957],[-168.686106,63.301459],[-168.740712,63.280992]]],[[[-133.520334,54.814114],[-133.521759,54.76675],[-133.545725,54.801825],[-133.544749,54.831692],[-133.520334,54.814114]]],[[[-131.18915,55.103431],[-131.189992,55.048337],[-131.254895,55.069237],[-131.18915,55.103431]]],[[[-133.307277,55.432187],[-133.236057,55.44022],[-133.274493,55.40428],[-133.315197,55.404547],[-133.307277,55.432187]]],[[[-152.288189,57.396985],[-152.255922,57.384243],[-152.315124,57.363121],[-152.288189,57.396985]]],[[[-136.137573,58.265089],[-136.106984,58.303409],[-136.045053,58.318596],[-136.027939,58.294969],[-136.137573,58.265089]]],[[[-135.718503,58.346144],[-135.654904,58.379797],[-135.568898,58.373151],[-135.543345,58.334832],[-135.718503,58.346144]]],[[[-152.035227,58.951687],[-152.013132,58.939846],[-152.074656,58.914293],[-152.035227,58.951687]]],[[[-151.687859,59.129656],[-151.646924,59.103936],[-151.713647,59.105835],[-151.687859,59.129656]]],[[[-151.465133,59.138191],[-151.433561,59.135292],[-151.438933,59.107286],[-151.508501,59.128566],[-151.465133,59.138191]]],[[[-151.858987,59.163867],[-151.788782,59.153053],[-151.89319,59.144364],[-151.858987,59.163867]]],[[[-152.563181,60.14997],[-152.580149,60.107245],[-152.638132,60.167304],[-152.563181,60.14997]]],[[[-147.360422,60.300727],[-147.347808,60.273586],[-147.491811,60.228827],[-147.493886,60.263129],[-147.360422,60.300727]]],[[[-173.06432,60.642524],[-173.111399,60.664211],[-173.071726,60.686225],[-173.06432,60.642524]]],[[[-146.820306,60.841694],[-146.76162,60.87925],[-146.704063,60.839486],[-146.76558,60.801956],[-146.820306,60.841694]]],[[[-147.094146,60.897935],[-147.08316,60.878485],[-147.139638,60.855618],[-147.318918,60.877265],[-147.226918,60.906806],[-147.119211,60.905666],[-147.152699,60.873521],[-147.094146,60.897935]]],[[[-165.948923,62.029527],[-166.009836,62.022935],[-165.972117,62.07217],[-165.948923,62.029527]]],[[[-168.035512,64.985297],[-168.048411,64.95893],[-168.09675,64.965399],[-168.035512,64.985297]]],[[[-168.907908,65.768297],[-168.909861,65.739569],[-168.951731,65.75316],[-168.907908,65.768297]]],[[[-167.670969,65.793687],[-167.556467,65.817369],[-167.647288,65.791327],[-167.695424,65.740912],[-167.73054,65.745673],[-167.718617,65.777818],[-167.670969,65.793687]]]]}},{"type":"Feature","properties":{"name":"Louisiana","abbr":"LA"},"geometry":{"type":"MultiPolygon","coordinates":[[[[-89.52599,30.192776],[-89.595937,30.155911],[-89.596018,30.186998],[-89.708404,30.175279],[-89.743235,30.188951],[-89.751454,30.237372],[-89.969146,30.264716],[-90.058502,30.360297],[-90.189443,30.390815],[-90.245473,30.373725],[-90.405019,30.22016],[-90.432973,30.143297],[-90.379994,30.08039],[-90.145172,30.02383],[-89.996449,30.052436],[-89.880442,30.154853],[-89.788808,30.098863],[-89.736399,30.175279],[-89.743235,30.099555],[-89.68342,30.140041],[-89.708404,30.161689],[-89.667388,30.164008],[-89.639556,30.14057],[-89.717926,30.033271],[-89.800445,30.051215],[-89.840403,30.01142],[-89.811147,29.94717],[-89.708404,29.956204],[-89.728912,29.922065],[-89.66454,29.875474],[-89.602406,29.890774],[-89.565582,30.000922],[-89.503082,30.030748],[-89.486236,30.076361],[-89.427317,30.038072],[-89.366038,30.048651],[-89.434722,30.024482],[-89.454701,29.976386],[-89.370229,29.950751],[-89.434722,29.9289],[-89.413645,29.901557],[-89.369537,29.918647],[-89.393788,29.879869],[-89.331695,29.879869],[-89.380116,29.833319],[-89.345326,29.791693],[-89.386342,29.797919],[-89.413645,29.76439],[-89.40746,29.791693],[-89.482533,29.833319],[-89.532541,29.755845],[-89.601471,29.734849],[-89.585561,29.688707],[-89.522125,29.687323],[-89.482533,29.634101],[-89.70226,29.709784],[-89.6197,29.627265],[-89.756907,29.634101],[-89.722768,29.623196],[-89.678049,29.527899],[-89.523508,29.469631],[-89.539866,29.397773],[-89.336781,29.39057],[-89.38093,29.362942],[-89.281361,29.357611],[-89.244456,29.315985],[-89.197092,29.353461],[-89.11262,29.264146],[-89.147369,29.236802],[-89.07136,29.202826],[-89.03246,29.21662],[-89.010162,29.17475],[-89.051137,29.188422],[-89.096995,29.159613],[-89.023183,29.147406],[-89.064809,29.086005],[-89.098948,29.119534],[-89.084625,29.078559],[-89.105784,29.099677],[-89.150502,29.048163],[-89.133656,28.996243],[-89.24767,29.105902],[-89.249745,29.064887],[-89.30956,29.050198],[-89.413645,28.928371],[-89.276194,29.160102],[-89.304351,29.126939],[-89.321767,29.181952],[-89.324859,29.119534],[-89.383656,29.087836],[-89.482533,29.243069],[-89.45519,29.250474],[-89.495107,29.259508],[-89.496205,29.229397],[-89.662004,29.30093],[-89.818146,29.31616],[-89.743806,29.369843],[-89.777333,29.380194],[-89.775502,29.420803],[-89.819814,29.41706],[-89.816314,29.474351],[-89.851715,29.480048],[-89.86026,29.443752],[-89.907704,29.477037],[-89.94164,29.464423],[-90.099477,29.544664],[-90.127431,29.524237],[-90.182037,29.579495],[-90.210276,29.515123],[-90.023752,29.428616],[-90.050526,29.407294],[-90.037424,29.33926],[-90.058502,29.359768],[-90.017568,29.298285],[-90.067454,29.310126],[-90.064768,29.284613],[-90.095041,29.28384],[-90.083852,29.225409],[-90.051096,29.229397],[-90.08023,29.174709],[-90.229237,29.086656],[-90.271311,29.167426],[-90.260813,29.269477],[-90.287465,29.235175],[-90.339101,29.311265],[-90.393707,29.243069],[-90.434438,29.357245],[-90.483062,29.290839],[-90.602773,29.307563],[-90.58552,29.229397],[-90.620229,29.243069],[-90.640736,29.140611],[-90.674875,29.161119],[-90.705922,29.119534],[-90.805247,29.126939],[-90.777252,29.167914],[-90.846181,29.182196],[-90.884023,29.133775],[-90.95519,29.185736],[-91.01065,29.182196],[-90.990142,29.20893],[-91.015492,29.223538],[-91.079579,29.195868],[-91.285146,29.260891],[-91.33967,29.33926],[-91.293121,29.323228],[-91.222971,29.380194],[-91.214915,29.343329],[-91.161488,29.33926],[-91.154042,29.250474],[-91.113108,29.270982],[-91.121571,29.338121],[-91.262563,29.469062],[-91.228383,29.608059],[-91.25768,29.613593],[-91.298655,29.483832],[-91.423899,29.521186],[-91.429026,29.565823],[-91.559316,29.538479],[-91.56078,29.642483],[-91.644154,29.645168],[-91.637929,29.742092],[-91.778432,29.748481],[-91.858469,29.719062],[-91.87442,29.778144],[-91.826283,29.801703],[-91.847524,29.831244],[-91.984446,29.831977],[-92.134633,29.736151],[-92.141469,29.766913],[-92.202382,29.76439],[-92.172271,29.695502],[-92.099965,29.709784],[-92.14151,29.688707],[-92.107411,29.620429],[-92.024892,29.627265],[-92.067372,29.616156],[-92.065907,29.587836],[-92.276493,29.533836],[-92.683058,29.604133],[-93.199593,29.772811],[-93.558513,29.763121],[-93.831028,29.700135],[-93.893697,29.790814],[-93.781941,29.856515],[-93.759952,29.960576],[-93.798421,29.985607],[-93.717206,30.079814],[-93.703973,30.143754],[-93.715179,30.28726],[-93.755804,30.373368],[-93.703583,30.473344],[-93.730536,30.565654],[-93.573846,30.819682],[-93.573846,30.89849],[-93.538153,30.943901],[-93.577557,31.008403],[-93.514764,31.042045],[-93.559589,31.097123],[-93.548456,31.192533],[-93.600458,31.198002],[-93.675897,31.320048],[-93.654462,31.373637],[-93.743256,31.473002],[-93.726703,31.514994],[-93.829608,31.593827],[-93.813446,31.70811],[-93.840057,31.790361],[-94.043231,31.998197],[-94.041254,33.010942],[-91.166473,33.014335],[-91.162616,32.971757],[-91.071942,32.923197],[-91.133344,32.858549],[-91.157269,32.770854],[-91.070233,32.710942],[-91.168158,32.666215],[-91.099237,32.566899],[-91.105194,32.465116],[-91.006244,32.404325],[-90.990497,32.357206],[-90.916547,32.339848],[-90.913226,32.310063],[-91.032294,32.147538],[-91.095429,32.141337],[-91.068915,32.084721],[-91.091425,32.014115],[-91.351337,31.840727],[-91.435663,31.573197],[-91.528949,31.500614],[-91.495575,31.411259],[-91.528803,31.293486],[-91.647919,31.271537],[-91.604633,31.205522],[-91.62746,31.141825],[-91.579022,31.056156],[-91.657343,31.000224],[-89.735272,31.000102],[-89.846063,30.682499],[-89.799457,30.565873],[-89.677606,30.45684],[-89.587885,30.212138],[-89.52599,30.192776]]],[[[-91.802073,29.490058],[-91.840484,29.483832],[-92.03539,29.596177],[-91.917104,29.648139],[-91.720204,29.581732],[-91.802073,29.490058]]],[[[-89.45519,29.791693],[-89.427317,29.743964],[-89.458608,29.771226],[-89.48998,29.736477],[-89.49059,29.793769],[-89.45519,29.791693]]],[[[-89.304351,29.805365],[-89.27717,29.812079],[-89.290679,29.771226],[-89.337026,29.806627],[-89.304351,29.805365]]],[[[-88.872426,30.058661],[-88.817779,29.983547],[-88.810943,29.915229],[-88.854563,29.769192],[-88.817779,29.935126],[-88.872426,30.058661]]],[[[-89.188344,30.079739],[-89.222076,30.033759],[-89.260365,30.072903],[-89.345326,30.066067],[-89.180816,30.168524],[-89.249908,30.101996],[-89.215647,30.058661],[-89.188344,30.079739]]],[[[-89.994944,29.45661],[-90.119862,29.50552],[-90.061106,29.504543],[-89.994944,29.45661]]]]}},{"type":"Feature","properties":{"name":"Mississippi","abbr":"MS"},"geometry":{"type":"MultiPolygon","coordinates":[[[[-88.402212,30.387831],[-88.47057,30.323879],[-88.567738,30.353583],[-88.591217,30.395006],[-88.662221,30.35456],[-88.742055,30.354071],[-88.927642,30.442206],[-88.982289,30.422309],[-88.876088,30.395209],[-89.240224,30.320746],[-89.321767,30.380764],[-89.35558,30.350328],[-89.318674,30.343207],[-89.320546,30.312079],[-89.421051,30.257799],[-89.442535,30.189765],[-89.564887,30.189067],[-89.636273,30.302348],[-89.677606,30.45684],[-89.799457,30.565873],[-89.846063,30.682499],[-89.735272,31.000102],[-91.657343,31.000224],[-91.579022,31.056156],[-91.62746,31.141825],[-91.604633,31.205522],[-91.647919,31.271537],[-91.528803,31.293486],[-91.495575,31.411259],[-91.528949,31.500614],[-91.435663,31.573197],[-91.351337,31.840727],[-91.091425,32.014115],[-91.068915,32.084721],[-91.095429,32.141337],[-91.032294,32.147538],[-90.909833,32.32432],[-90.990497,32.357206],[-91.006244,32.404325],[-91.105194,32.465116],[-91.099237,32.566899],[-91.166327,32.644487],[-91.157269,32.680375],[-91.070233,32.710942],[-91.157269,32.770854],[-91.133344,32.858549],[-91.071942,32.923197],[-91.168158,32.981523],[-91.161298,33.118705],[-91.09306,33.16746],[-91.112909,33.280082],[-91.182098,33.320024],[-91.134003,33.382524],[-91.127167,33.47808],[-91.235419,33.56685],[-91.156464,33.587504],[-91.151679,33.633403],[-91.225922,33.689897],[-91.045429,33.814506],[-91.069257,33.883671],[-91.035614,33.930473],[-91.093036,33.98953],[-90.880145,34.060917],[-90.88244,34.099467],[-90.954926,34.128813],[-90.955878,34.157109],[-90.864276,34.206279],[-90.821161,34.285649],[-90.770892,34.284062],[-90.759369,34.380693],[-90.685761,34.372343],[-90.593964,34.425053],[-90.567987,34.719853],[-90.478241,34.737504],[-90.463886,34.827934],[-90.271796,34.923051],[-90.304218,35.000077],[-88.179071,34.997831],[-88.088153,34.908061],[-88.486151,31.889506],[-88.402212,30.387831]]],[[[-89.057973,30.257799],[-89.084625,30.195787],[-89.092152,30.223782],[-89.153554,30.229926],[-89.057973,30.257799]]]]}},{"type":"Feature","properties":{"name":"Alabama","abbr":"AL"},"geometry":{"type":"MultiPolygon","coordinates":[[[[-87.419583,30.479597],[-87.392079,30.449652],[-87.473704,30.359198],[-87.5572,30.319281],[-87.611806,30.360297],[-87.60558,30.30565],[-87.564565,30.313137],[-87.590159,30.275377],[-88.030141,30.223782],[-87.93578,30.264594],[-87.875071,30.241523],[-87.764231,30.279527],[-87.830881,30.364],[-87.821278,30.40469],[-87.865631,30.3876],[-87.911366,30.41356],[-87.940745,30.48314],[-87.912465,30.583726],[-87.942535,30.659735],[-88.006256,30.687812],[-88.030141,30.737698],[-88.126332,30.326117],[-88.303822,30.401272],[-88.402212,30.387831],[-88.486151,31.889506],[-88.089423,34.892045],[-88.185516,35.009745],[-85.605682,34.985209],[-85.201337,32.935234],[-85.103387,32.652543],[-84.967743,32.433549],[-84.991888,32.336869],[-84.897943,32.268998],[-85.031366,32.170439],[-85.060443,32.003935],[-85.143915,31.823954],[-85.042548,31.535331],[-85.110199,31.271537],[-85.101019,31.18267],[-85.042328,31.128862],[-84.99743,31.010649],[-87.593646,30.999711],[-87.621137,30.856889],[-87.511151,30.732304],[-87.405194,30.67017],[-87.441376,30.544755],[-87.419583,30.479597]]],[[[-87.484242,30.308661],[-87.446286,30.298224],[-87.529205,30.277737],[-87.484242,30.308661]]],[[[-88.071116,30.250434],[-88.311269,30.236762],[-88.109039,30.276109],[-88.071116,30.250434]]]]}},{"type":"Feature","properties":{"name":"Florida","abbr":"FL"},"geometry":{"type":"MultiPolygon","coordinates":[[[[-87.447336,30.313137],[-87.482045,30.326117],[-87.421457,30.340033],[-87.426829,30.374579],[-87.344838,30.439887],[-87.419583,30.479597],[-87.439032,30.528666],[-87.405194,30.67017],[-87.511151,30.732304],[-87.625311,30.865214],[-87.593646,30.999711],[-85.006586,31.000102],[-84.944061,30.891679],[-84.920477,30.760087],[-84.875775,30.719145],[-82.239838,30.564653],[-82.212518,30.41956],[-82.16618,30.364555],[-82.048578,30.375395],[-82.010956,30.577958],[-82.047308,30.650053],[-82.041327,30.736698],[-81.961981,30.818412],[-81.660419,30.728422],[-81.440256,30.700751],[-81.437815,30.524115],[-81.479644,30.617865],[-81.500315,30.551256],[-81.40982,30.456488],[-81.394928,30.29857],[-81.238879,29.737301],[-80.922109,29.068305],[-80.528228,28.472602],[-80.594065,28.401597],[-80.592193,28.207913],[-80.450917,27.86636],[-80.619944,28.206977],[-80.600413,28.600287],[-80.76594,28.612291],[-80.78425,28.661282],[-80.752349,28.741929],[-80.848134,28.790595],[-80.828236,28.661444],[-80.738271,28.373481],[-80.380971,27.666083],[-80.345367,27.514594],[-80.197825,27.19599],[-80.31432,27.24258],[-80.148793,27.138251],[-80.075551,26.973212],[-80.115102,26.934719],[-80.070709,26.916978],[-80.038238,26.811184],[-80.032379,26.587348],[-80.128774,26.098619],[-80.128774,25.775295],[-80.140614,25.900824],[-80.196197,25.753811],[-80.251617,25.720608],[-80.306874,25.618232],[-80.344309,25.475246],[-80.31432,25.371161],[-80.423004,25.252387],[-80.402496,25.186225],[-80.450795,25.242987],[-80.498647,25.220364],[-80.45873,25.209174],[-80.450917,25.173163],[-80.52599,25.220364],[-80.512318,25.248277],[-80.5655,25.245998],[-80.606516,25.188666],[-80.651357,25.193061],[-80.656972,25.159491],[-80.710927,25.14525],[-80.805247,25.149115],[-80.85497,25.186225],[-80.910227,25.14525],[-81.101959,25.124742],[-81.177113,25.227769],[-81.129954,25.344468],[-81.07787,25.272854],[-80.98526,25.234605],[-81.005767,25.214179],[-80.944651,25.212307],[-80.917226,25.245754],[-80.980784,25.318305],[-81.141347,25.384752],[-81.21467,25.527574],[-81.187652,25.560207],[-81.231679,25.563625],[-81.27953,25.704169],[-81.357249,25.753485],[-81.321685,25.782701],[-81.348459,25.81684],[-81.485585,25.8994],[-81.588002,25.906887],[-81.622711,25.94717],[-81.732004,25.920478],[-81.742543,25.957465],[-81.694447,25.940375],[-81.664377,25.98135],[-81.731679,26.000637],[-81.787221,26.139594],[-81.800893,26.098619],[-81.855946,26.448879],[-81.882802,26.495836],[-81.887318,26.44477],[-82.008656,26.484524],[-82.000111,26.523179],[-81.974477,26.510443],[-81.911773,26.558661],[-81.897084,26.611274],[-81.780385,26.714993],[-81.906728,26.642646],[-81.951731,26.543647],[-82.039052,26.527899],[-82.082102,26.680243],[-82.057037,26.86579],[-82.096995,26.909369],[-81.978383,26.996161],[-82.155181,26.927639],[-82.180735,26.972357],[-82.22232,26.965155],[-82.273834,27.016018],[-82.201283,26.944159],[-82.150258,26.803168],[-82.165598,26.785793],[-82.177642,26.824856],[-82.19811,26.803127],[-82.313832,26.849351],[-82.467152,27.102037],[-82.496327,27.211493],[-82.561838,27.276272],[-82.5419,27.308539],[-82.573638,27.395087],[-82.698394,27.45482],[-82.729156,27.514716],[-82.65746,27.461656],[-82.660756,27.520331],[-82.589182,27.503241],[-82.636952,27.523749],[-82.578603,27.547309],[-82.617787,27.552558],[-82.389963,27.811103],[-82.421742,27.917182],[-82.471832,27.920356],[-82.482737,27.821357],[-82.527089,27.824774],[-82.541127,27.942776],[-82.616444,27.96133],[-82.596018,27.983059],[-82.690989,28.037665],[-82.690338,27.970852],[-82.644399,27.968736],[-82.718861,27.927802],[-82.561879,27.886176],[-82.602854,27.862982],[-82.626576,27.715806],[-82.654042,27.695054],[-82.815094,27.832221],[-82.718861,27.659654],[-82.842397,27.828518],[-82.852284,27.908189],[-82.821889,27.94831],[-82.835561,27.886176],[-82.767323,28.105902],[-82.787343,28.193752],[-82.664215,28.447943],[-82.631947,28.695299],[-82.684722,28.804836],[-82.630116,28.784369],[-82.633616,28.887641],[-82.727162,28.959174],[-82.800852,29.17475],[-83.040679,29.180121],[-83.084788,29.272203],[-83.157704,29.305121],[-83.215688,29.41059],[-83.404775,29.531684],[-83.397288,29.654527],[-83.543813,29.728095],[-83.680572,29.921291],[-84.024037,30.106594],[-84.178334,30.072821],[-84.209137,30.107082],[-84.383616,30.031928],[-84.383616,29.989691],[-84.346303,29.969875],[-84.466135,29.989691],[-84.343007,29.946763],[-84.377349,29.887356],[-84.363678,29.907782],[-84.401357,29.918606],[-84.508372,29.922065],[-84.875356,29.733222],[-84.87328,29.804633],[-85.004262,29.71601],[-85.346099,29.678371],[-85.391591,29.71601],[-85.413482,29.851386],[-85.398427,29.873603],[-85.377797,29.728176],[-85.320546,29.693305],[-85.302154,29.797919],[-85.356516,29.888739],[-85.549184,30.004055],[-85.555491,30.031928],[-85.480336,29.983547],[-85.679555,30.134345],[-85.610666,30.126899],[-85.442372,30.020168],[-85.395009,30.055569],[-85.430979,30.070502],[-85.462066,30.034898],[-85.512685,30.108344],[-85.494618,30.14057],[-85.569692,30.113918],[-85.72053,30.195787],[-85.555491,30.285142],[-85.586781,30.326117],[-85.708648,30.247016],[-85.754709,30.319281],[-85.85436,30.264838],[-85.831776,30.235907],[-85.755971,30.231594],[-85.706288,30.154853],[-85.734446,30.150214],[-85.72053,30.134345],[-86.065989,30.306057],[-86.510894,30.40762],[-86.347157,30.395006],[-86.311676,30.436469],[-86.241933,30.395006],[-86.248158,30.435981],[-86.117421,30.37934],[-86.138254,30.48314],[-86.182037,30.468817],[-86.207143,30.504869],[-86.408355,30.461412],[-86.439809,30.476142],[-86.412668,30.517971],[-86.460439,30.50023],[-86.488352,30.524115],[-86.484609,30.480048],[-86.602284,30.41828],[-86.782541,30.422309],[-87.194081,30.360297],[-87.005238,30.410224],[-86.940175,30.456488],[-86.893788,30.43891],[-87.013539,30.511298],[-86.960683,30.559516],[-87.029612,30.607327],[-87.077382,30.449652],[-87.125111,30.559516],[-87.180572,30.584662],[-87.153066,30.486884],[-87.180409,30.435981],[-87.262929,30.401272],[-87.266021,30.357164],[-87.306549,30.328559],[-87.447336,30.313137]]],[[[-81.746246,24.576117],[-81.732004,24.55622],[-81.814565,24.542548],[-81.746246,24.576117]]],[[[-81.705312,24.597805],[-81.650054,24.576117],[-81.725738,24.55622],[-81.705312,24.597805]]],[[[-81.506012,24.638821],[-81.636464,24.583564],[-81.554514,24.631334],[-81.581166,24.651801],[-81.52717,24.624498],[-81.560658,24.693427],[-81.506012,24.638821]]],[[[-81.087717,24.68594],[-81.136098,24.707017],[-81.039906,24.734361],[-81.087717,24.68594]]],[[[-81.430287,24.754828],[-81.355458,24.686184],[-81.36266,24.631334],[-81.430287,24.754828]]],[[[-80.800364,24.843573],[-80.802154,24.809882],[-80.85497,24.80329],[-80.800364,24.843573]]],[[[-80.320546,25.248277],[-80.36148,25.159491],[-80.598012,24.9501],[-80.437245,25.118598],[-80.458567,25.156195],[-80.413401,25.147406],[-80.35733,25.227362],[-80.368967,25.286119],[-80.251617,25.344468],[-80.320546,25.248277]]],[[[-80.162913,25.672838],[-80.183339,25.713813],[-80.156077,25.734931],[-80.162913,25.672838]]],[[[-82.129221,26.461127],[-82.026845,26.447455],[-82.088246,26.419501],[-82.16393,26.454291],[-82.204945,26.550482],[-82.129221,26.461127]]],[[[-82.136708,26.584662],[-82.177642,26.701321],[-82.113637,26.654364],[-82.082021,26.491523],[-82.136708,26.584662]]],[[[-80.388783,27.718655],[-80.162913,27.173651],[-80.292592,27.417304],[-80.388783,27.718655]]],[[[-80.67748,28.578925],[-80.629018,28.598782],[-80.612172,28.568834],[-80.658193,28.437486],[-80.64977,28.225165],[-80.737416,28.484849],[-80.732289,28.544623],[-80.67748,28.578925]]],[[[-85.141754,29.640855],[-85.212799,29.688707],[-85.08609,29.685736],[-85.108713,29.634019],[-85.141754,29.640855]]],[[[-84.737375,29.736477],[-84.969472,29.611762],[-85.09732,29.627265],[-84.987457,29.620429],[-84.737375,29.736477]]],[[[-86.693756,30.408108],[-86.540273,30.395413],[-87.296498,30.332343],[-86.693756,30.408108]]],[[[-81.482411,24.683254],[-81.481313,24.649848],[-81.520172,24.674058],[-81.515004,24.69774],[-81.482411,24.683254]]],[[[-81.047475,25.309394],[-81.066884,25.27676],[-81.078359,25.301703],[-81.047475,25.309394]]],[[[-81.089019,25.338853],[-81.090728,25.312812],[-81.122222,25.336575],[-81.089019,25.338853]]],[[[-81.380483,25.82095],[-81.399729,25.791815],[-81.439565,25.8039],[-81.4405,25.842434],[-81.380483,25.82095]]],[[[-81.453359,25.825507],[-81.516916,25.859768],[-81.474355,25.872463],[-81.453359,25.825507]]],[[[-81.676137,25.901272],[-81.660024,25.886542],[-81.696156,25.86579],[-81.708404,25.898668],[-81.676137,25.901272]]],[[[-81.541005,25.890123],[-81.545766,25.853664],[-81.561025,25.894843],[-81.541005,25.890123]]]]}},{"type":"Feature","properties":{"name":"Georgia","abbr":"GA"},"geometry":{"type":"MultiPolygon","coordinates":[[[[-80.890289,32.03266],[-80.835683,32.002916],[-80.903391,31.950507],[-80.937367,31.976467],[-80.963124,31.93065],[-80.923818,31.908881],[-80.980458,31.865383],[-81.118235,31.90766],[-81.090321,31.875718],[-81.142974,31.854926],[-81.039906,31.826972],[-81.10554,31.742662],[-81.273305,31.76553],[-81.196278,31.717597],[-81.331091,31.552431],[-81.331433,31.467234],[-81.365277,31.437887],[-81.325657,31.348929],[-81.492421,31.367662],[-81.328277,31.315253],[-81.26769,31.258734],[-81.385976,31.14175],[-81.417958,31.148993],[-81.423004,31.219631],[-81.454823,31.206],[-81.451731,31.117092],[-81.495839,31.126207],[-81.430287,31.073432],[-81.403676,31.121283],[-81.424143,31.025051],[-81.513539,31.093329],[-81.450795,31.021918],[-81.519683,30.984076],[-81.450795,30.963568],[-81.499257,30.905585],[-81.492421,30.846869],[-81.533355,30.853705],[-81.492421,30.771796],[-81.50003,30.712185],[-81.660419,30.728422],[-81.961981,30.818412],[-82.041327,30.736698],[-82.047308,30.650053],[-82.011346,30.566484],[-82.057684,30.369194],[-82.191864,30.373905],[-82.239838,30.564653],[-84.875775,30.719145],[-84.920477,30.760087],[-84.944061,30.891679],[-85.007806,30.984159],[-85.018182,31.086845],[-85.101019,31.18267],[-85.110199,31.271537],[-85.042548,31.535331],[-85.143915,31.823954],[-85.060443,32.003935],[-85.031366,32.170439],[-84.897943,32.268998],[-84.991888,32.336869],[-84.967743,32.433549],[-85.103387,32.652543],[-85.201337,32.935234],[-85.605682,34.985209],[-83.114764,35.000444],[-83.134483,34.942493],[-83.308221,34.820048],[-83.355487,34.708427],[-83.232611,34.622636],[-83.168304,34.613139],[-83.047235,34.496635],[-82.857294,34.460649],[-82.728925,34.17078],[-82.607782,34.056376],[-82.570526,33.967802],[-82.272626,33.777885],[-82.173993,33.616459],[-82.061786,33.574687],[-81.938055,33.476078],[-81.930975,33.361235],[-81.841669,33.313603],[-81.84848,33.259599],[-81.777094,33.218022],[-81.759735,33.155937],[-81.517621,33.039555],[-81.500409,32.931694],[-81.402509,32.744902],[-81.405756,32.624296],[-81.200751,32.48455],[-81.131781,32.321195],[-81.156415,32.193876],[-81.135956,32.135527],[-81.077899,32.087113],[-80.998163,32.087113],[-80.890289,32.03266]]],[[[-81.478749,30.805976],[-81.482167,30.904364],[-81.417307,30.970404],[-81.454213,30.734849],[-81.478749,30.805976]]],[[[-81.251289,31.504578],[-81.17465,31.521421],[-81.279611,31.385481],[-81.30032,31.411516],[-81.251289,31.504578]]],[[[-81.160555,31.669889],[-81.13126,31.692978],[-81.128169,31.628596],[-81.16096,31.567314],[-81.160555,31.669889]]]]}},{"type":"Feature","properties":{"name":"South Carolina","abbr":"SC"},"geometry":{"type":"MultiPolygon","coordinates":[[[[-78.573158,33.882603],[-78.600006,33.875881],[-78.573313,33.847968],[-78.763336,33.778551],[-78.937978,33.642076],[-79.133127,33.417426],[-79.183461,33.217922],[-79.213694,33.300686],[-79.272043,33.317288],[-79.189605,33.430854],[-79.232289,33.412095],[-79.299469,33.29678],[-79.214019,33.242499],[-79.183461,33.183783],[-79.23058,33.142239],[-79.26891,33.166083],[-79.272206,33.122301],[-79.340443,33.155829],[-79.292633,33.10871],[-79.37149,33.064032],[-79.387034,33.01732],[-79.491322,32.9914],[-79.520009,33.041205],[-79.584828,33.013821],[-79.624501,32.943834],[-79.607411,32.916246],[-79.573842,32.936754],[-79.588735,32.91413],[-79.828725,32.762763],[-79.906239,32.800442],[-79.874867,32.841213],[-79.892323,32.854804],[-79.943756,32.851467],[-79.934071,32.783433],[-79.967641,32.785224],[-79.868031,32.738105],[-79.871409,32.708319],[-79.945709,32.653266],[-80.025706,32.648749],[-80.005116,32.611558],[-80.177113,32.567043],[-80.26594,32.621405],[-80.204457,32.560614],[-80.331207,32.486396],[-80.368967,32.533352],[-80.392568,32.478095],[-80.539662,32.560614],[-80.532826,32.519029],[-80.669789,32.521145],[-80.67748,32.497952],[-80.478179,32.478095],[-80.587473,32.456936],[-80.458363,32.423163],[-80.547109,32.347113],[-80.429799,32.409817],[-80.470774,32.32274],[-80.63683,32.266791],[-80.629018,32.381903],[-80.669993,32.373603],[-80.657297,32.462714],[-80.683665,32.464423],[-80.663157,32.450751],[-80.678293,32.30272],[-80.759348,32.360785],[-80.785553,32.496731],[-80.85497,32.539496],[-80.787343,32.357652],[-80.79894,32.319729],[-80.677846,32.214748],[-80.82079,32.10814],[-80.779856,32.244696],[-80.911005,32.033891],[-80.998163,32.087113],[-81.077899,32.087113],[-81.135956,32.135527],[-81.156415,32.193876],[-81.131781,32.321195],[-81.200751,32.48455],[-81.405756,32.624296],[-81.402509,32.744902],[-81.500409,32.931694],[-81.517621,33.039555],[-81.759735,33.155937],[-81.777094,33.218022],[-81.84848,33.259599],[-81.841669,33.313603],[-81.930975,33.361235],[-81.938055,33.476078],[-82.061786,33.574687],[-82.173993,33.616459],[-82.272626,33.777885],[-82.570526,33.967802],[-82.607782,34.056376],[-82.728925,34.17078],[-82.857294,34.460649],[-83.047235,34.496635],[-83.168304,34.613139],[-83.232611,34.622636],[-83.355487,34.708427],[-83.308221,34.820048],[-83.134483,34.942493],[-83.114764,35.000444],[-82.751117,35.073246],[-82.675604,35.12747],[-82.435126,35.178569],[-82.391229,35.218315],[-81.061005,35.152226],[-81.045209,35.064579],[-80.933637,35.112651],[-80.792914,34.961747],[-80.784027,34.827592],[-79.65351,34.795732],[-78.573158,33.882603]]]]}},{"type":"Feature","properties":{"name":"North Carolina","abbr":"NC"},"geometry":{"type":"MultiPolygon","coordinates":[[[[-76.031728,36.550279],[-76.03718,36.5008],[-75.968251,36.432522],[-75.973704,36.401068],[-75.927887,36.363593],[-75.949045,36.397691],[-75.918568,36.429348],[-75.921742,36.356757],[-75.785512,36.08161],[-75.863393,36.127102],[-75.868072,36.18301],[-75.961741,36.306952],[-75.996205,36.315172],[-75.962717,36.205959],[-75.90807,36.164984],[-76.020416,36.191474],[-76.198842,36.322659],[-76.21935,36.287828],[-76.063466,36.162014],[-76.168121,36.130805],[-76.291982,36.212714],[-76.195424,36.109768],[-76.220123,36.099514],[-76.463002,36.205959],[-76.311513,36.096096],[-76.57726,36.012397],[-76.62682,36.061957],[-76.643666,36.038398],[-76.687001,36.056098],[-76.729848,36.181708],[-76.679555,36.287543],[-76.729848,36.322659],[-76.701975,36.284735],[-76.752309,36.214016],[-76.757192,36.127102],[-76.688873,36.006659],[-76.729848,35.945258],[-76.557932,35.938422],[-76.420237,35.981269],[-76.387278,35.973131],[-76.380198,35.932034],[-76.263743,35.92475],[-76.306793,35.957831],[-76.284169,35.973131],[-76.048329,35.98371],[-76.030914,35.952704],[-76.05309,35.962633],[-76.071929,35.918524],[-76.023549,35.931586],[-76.085561,35.870103],[-76.056304,35.793402],[-76.124176,35.794582],[-76.058258,35.767768],[-76.03718,35.698798],[-76.140859,35.698798],[-76.030914,35.651028],[-75.994862,35.730292],[-75.98998,35.886908],[-75.934926,35.924872],[-75.86144,35.880683],[-75.90807,35.938422],[-75.824859,35.931586],[-75.867096,35.945258],[-75.852854,35.979967],[-75.721832,35.829169],[-75.742991,35.767768],[-75.720855,35.705024],[-75.773427,35.696926],[-75.753814,35.611802],[-75.839182,35.568508],[-75.822621,35.592678],[-75.866444,35.595649],[-75.886342,35.637356],[-75.897206,35.579047],[-75.977895,35.525214],[-76.028228,35.419338],[-76.056142,35.441474],[-76.065094,35.384182],[-76.15038,35.347154],[-76.253489,35.373725],[-76.280181,35.350735],[-76.355336,35.413479],[-76.373606,35.343166],[-76.420766,35.376695],[-76.37975,35.376695],[-76.418324,35.464504],[-76.442494,35.403998],[-76.483469,35.397773],[-76.463002,35.376695],[-76.498362,35.391343],[-76.575185,35.497463],[-76.4947,35.506781],[-76.463002,35.541164],[-76.58495,35.549709],[-76.647328,35.520697],[-76.606313,35.492743],[-76.619985,35.466051],[-76.57901,35.403998],[-76.599762,35.395087],[-76.647328,35.438178],[-76.758412,35.41885],[-77.051991,35.534369],[-76.976308,35.438178],[-76.90392,35.443915],[-76.694081,35.353664],[-76.49706,35.31151],[-76.470367,35.270575],[-76.492828,35.23017],[-76.565338,35.239488],[-76.530263,35.199937],[-76.588287,35.209133],[-76.675201,35.1706],[-76.58731,35.149726],[-76.571604,35.178046],[-76.560536,35.124416],[-76.764475,34.989203],[-76.873647,35.008694],[-77.079335,35.156968],[-76.940256,34.979804],[-76.757192,34.909898],[-76.631825,34.987047],[-76.539866,34.932074],[-76.568593,34.993232],[-76.489613,34.972602],[-76.453765,35.073391],[-76.418853,34.986518],[-76.464345,34.968451],[-76.461822,34.940579],[-76.325185,34.975735],[-76.353139,35.027248],[-76.269887,34.965155],[-76.340403,34.939683],[-76.354848,34.877427],[-76.407786,34.883246],[-76.512766,34.734361],[-76.583567,34.751288],[-76.571604,34.780829],[-76.615956,34.816067],[-76.632965,34.709174],[-76.685211,34.800727],[-76.770823,34.753485],[-76.729848,34.766547],[-76.701975,34.725572],[-76.896108,34.739203],[-77.093251,34.676988],[-77.131703,34.762397],[-77.136871,34.682359],[-77.174916,34.691474],[-77.166982,34.667141],[-77.318023,34.564276],[-77.401479,34.589057],[-77.33316,34.649848],[-77.394602,34.7119],[-77.381907,34.732327],[-77.435618,34.753485],[-77.382436,34.632025],[-77.449818,34.608873],[-77.378896,34.527167],[-77.535878,34.468573],[-77.730458,34.315863],[-77.832672,34.207017],[-77.942047,33.930487],[-77.92162,34.108588],[-77.962554,34.191148],[-77.949452,34.002753],[-78.032338,33.892279],[-78.333485,33.910102],[-78.374664,33.950914],[-78.408274,33.910549],[-78.55899,33.869045],[-78.5454,33.889553],[-78.573158,33.882603],[-79.65351,34.795732],[-80.784027,34.827592],[-80.792914,34.961747],[-80.933637,35.112651],[-81.045209,35.064579],[-81.061005,35.152226],[-82.391229,35.218315],[-82.435126,35.178569],[-82.675604,35.12747],[-82.751117,35.073246],[-83.096503,35.000639],[-84.324628,34.987065],[-84.290595,35.229936],[-84.231512,35.267167],[-84.078387,35.268339],[-84.011493,35.424516],[-83.888739,35.512309],[-83.734564,35.566215],[-83.499213,35.569975],[-83.170673,35.756059],[-82.99057,35.783744],[-82.90827,35.883207],[-82.907489,35.945927],[-82.810175,35.933329],[-82.770258,36.000248],[-82.629779,36.057353],[-82.559589,35.961772],[-82.37663,36.106645],[-82.213153,36.159184],[-82.077948,36.103715],[-81.892401,36.316728],[-81.809808,36.360575],[-81.716376,36.343608],[-81.743964,36.400297],[-81.698529,36.488212],[-81.715009,36.526347],[-81.658856,36.60955],[-81.227313,36.569633],[-80.089594,36.539775],[-76.031728,36.550279]]],[[[-75.908966,36.549425],[-75.901112,36.496039],[-75.952138,36.493313],[-76.013254,36.550157],[-75.908966,36.549425]]],[[[-75.853101,36.549028],[-75.786366,36.281968],[-75.523834,35.794379],[-75.675364,35.999905],[-75.719472,36.009996],[-75.675364,36.020941],[-75.723541,36.058824],[-75.818471,36.29678],[-75.880849,36.542548],[-75.853101,36.549028]]],[[[-77.96996,33.889553],[-77.942047,33.916815],[-77.96996,33.847968],[-78.017812,33.875881],[-77.96996,33.889553]]],[[[-77.431874,34.499661],[-77.352528,34.522284],[-77.514556,34.453762],[-77.634185,34.362494],[-77.578725,34.42536],[-77.431874,34.499661]]],[[[-76.565338,34.670966],[-76.551666,34.636868],[-76.654775,34.691474],[-76.565338,34.670966]]],[[[-76.89745,34.698228],[-76.681467,34.705146],[-77.099762,34.649848],[-76.89745,34.698228]]],[[[-76.256256,34.913642],[-76.395985,34.787584],[-76.530629,34.589057],[-76.525054,34.637844],[-76.407786,34.79442],[-76.256256,34.913642]]],[[[-76.078114,35.071601],[-76.03718,35.061347],[-76.147043,34.992499],[-76.078114,35.071601]]],[[[-75.98998,35.12344],[-75.770253,35.197943],[-76.017323,35.075019],[-75.98998,35.12344]]],[[[-75.476064,35.69538],[-75.451812,35.582506],[-75.515614,35.260199],[-75.735748,35.18769],[-75.690338,35.23135],[-75.516347,35.291002],[-75.468617,35.56509],[-75.526112,35.775702],[-75.476064,35.69538]]],[[[-75.715688,35.92475],[-75.713043,35.946967],[-75.661041,35.92475],[-75.61262,35.863267],[-75.625356,35.830146],[-75.659291,35.836005],[-75.715688,35.92475]]]]}},{"type":"Feature","properties":{"name":"Virginia","abbr":"VA"},"geometry":{"type":"MultiPolygon","coordinates":[[[[-76.013254,36.550157],[-76.044586,36.589504],[-76.031728,36.550279],[-80.089594,36.539775],[-81.905292,36.617509],[-81.95246,36.596977],[-83.667474,36.604008],[-83.128534,36.753324],[-83.062396,36.851713],[-82.869061,36.901005],[-82.849042,36.979936],[-82.712494,37.047245],[-82.681537,37.137089],[-82.351386,37.278495],[-81.965228,37.538676],[-81.950678,37.507084],[-81.983661,37.47227],[-81.932636,37.435746],[-81.927411,37.370756],[-81.823798,37.286405],[-81.583929,37.204765],[-81.416815,37.274369],[-81.363495,37.334574],[-81.224091,37.24434],[-80.882367,37.325834],[-80.878876,37.40225],[-80.845892,37.424809],[-80.743744,37.38184],[-80.527826,37.468266],[-80.45246,37.429496],[-80.294305,37.509233],[-80.30622,37.563725],[-80.22497,37.621586],[-80.284857,37.685136],[-80.206903,37.814848],[-79.999945,38.001591],[-79.916596,38.179057],[-79.794501,38.273881],[-79.79743,38.314921],[-79.694818,38.436528],[-79.648578,38.588066],[-79.54682,38.564115],[-79.507147,38.479887],[-79.284491,38.42686],[-78.9987,38.842314],[-78.867719,38.788237],[-78.743182,38.930082],[-78.674091,38.92559],[-78.58122,38.989555],[-78.42038,39.156962],[-78.409442,39.268852],[-78.322162,39.450834],[-77.835736,39.144169],[-77.734686,39.331059],[-77.558368,39.299003],[-77.466742,39.243754],[-77.45954,39.207695],[-77.514813,39.152592],[-77.49577,39.12393],[-77.421576,39.074247],[-77.27226,39.047758],[-77.233466,38.986625],[-77.146538,38.96473],[-77.033039,38.85397],[-77.047771,38.715724],[-77.167786,38.688959],[-77.134865,38.636283],[-77.187164,38.6208],[-77.201772,38.665025],[-77.229888,38.656684],[-77.326592,38.450934],[-77.31425,38.406129],[-77.358716,38.429265],[-77.29078,38.353785],[-77.338511,38.342611],[-77.248979,38.329885],[-77.040841,38.39591],[-77.014475,38.330512],[-77.052738,38.316842],[-76.965443,38.267239],[-76.954171,38.210168],[-76.739329,38.136705],[-76.614613,38.150377],[-76.607153,38.112957],[-76.534423,38.075171],[-76.530629,38.025133],[-76.247909,37.903471],[-76.250071,37.822821],[-76.324859,37.8487],[-76.293853,37.780666],[-76.325185,37.74433],[-76.284169,37.699286],[-76.338857,37.668891],[-76.304677,37.637885],[-76.404652,37.64468],[-76.468902,37.708645],[-76.504994,37.656928],[-76.621938,37.81391],[-76.700917,37.8369],[-76.880068,37.990957],[-76.934967,38.093695],[-77.017201,38.117011],[-77.062571,38.166002],[-77.133941,38.166002],[-77.055491,38.149644],[-77.031565,38.103949],[-76.925893,38.058824],[-76.922614,37.980833],[-76.795286,37.891957],[-76.716245,37.788097],[-76.613401,37.739539],[-76.551982,37.626758],[-76.428212,37.624213],[-76.284169,37.569566],[-76.393381,37.533149],[-76.301259,37.493842],[-76.270062,37.517356],[-76.277415,37.459703],[-76.244537,37.44953],[-76.25764,37.33551],[-76.280704,37.321351],[-76.321645,37.386298],[-76.366119,37.384589],[-76.415151,37.442694],[-76.401479,37.390815],[-76.447581,37.379869],[-76.401479,37.339911],[-76.435048,37.323147],[-76.371897,37.288031],[-76.496029,37.249115],[-76.729848,37.494452],[-76.781077,37.535468],[-76.798166,37.504381],[-76.606224,37.295789],[-76.468073,37.213966],[-76.38561,37.232489],[-76.373158,37.175971],[-76.291656,37.130113],[-76.338612,37.101711],[-76.270375,37.097642],[-76.296213,37.013577],[-76.429189,36.976304],[-76.452992,37.030178],[-76.611188,37.119442],[-76.634023,37.220689],[-76.743764,37.197496],[-76.85558,37.262437],[-76.860219,37.323147],[-76.878163,37.268988],[-76.931467,37.245266],[-76.990549,37.320258],[-77.055491,37.287177],[-77.091054,37.327826],[-77.2506,37.34984],[-77.277943,37.329332],[-77.067128,37.266506],[-77.017201,37.295233],[-76.973215,37.239976],[-76.801869,37.206488],[-76.717995,37.150014],[-76.669972,37.185007],[-76.659743,37.04331],[-76.571604,37.027737],[-76.585846,37.00788],[-76.494722,36.953986],[-76.475982,36.907904],[-76.524403,36.863227],[-76.380686,36.900621],[-76.291656,36.849555],[-76.328366,36.929286],[-76.310015,36.959612],[-76.078114,36.911607],[-76.004592,36.932358],[-75.853101,36.549028],[-75.880645,36.549262],[-75.927887,36.706204],[-75.957834,36.719428],[-75.966922,36.54981],[-76.013254,36.550157]]],[[[-75.942983,36.549628],[-75.914296,36.575873],[-75.908966,36.549425],[-75.942983,36.549628]]],[[[-75.377375,38.015198],[-75.434344,37.961833],[-75.419655,37.919923],[-75.44792,37.893635],[-75.424895,37.875113],[-75.818707,37.454238],[-75.799962,37.400068],[-75.855005,37.397438],[-75.887309,37.356967],[-75.935926,37.135016],[-75.966429,37.134795],[-76.014963,37.281562],[-75.982533,37.316352],[-76.010569,37.316352],[-75.955881,37.41592],[-75.965647,37.452948],[-75.926178,37.47842],[-75.951772,37.515937],[-75.893788,37.56273],[-75.934722,37.576402],[-75.921742,37.610541],[-75.818674,37.672593],[-75.786855,37.809394],[-75.694569,37.802314],[-75.702016,37.843329],[-75.661041,37.843329],[-75.670969,37.892564],[-75.742991,37.912177],[-75.645863,37.94953],[-75.62357,37.994278],[-75.377375,38.015198]]],[[[-75.621981,37.57112],[-75.602195,37.562408],[-75.670617,37.477057],[-75.621981,37.57112]]],[[[-75.243335,38.024688],[-75.326039,37.892279],[-75.392913,37.864699],[-75.243335,38.024688]]],[[[-75.903773,37.129214],[-75.90542,37.234426],[-75.873971,37.29038],[-75.851752,37.270773],[-75.877139,37.205593],[-75.810779,37.200169],[-75.903773,37.129214]]]]}},{"type":"Feature","properties":{"name":"District of Columbia","abbr":"DC"},"geometry":{"type":"Polygon","coordinates":[[[-77.022933,38.802768],[-77.025935,38.872594],[-77.119781,38.934064],[-77.041949,38.996136],[-76.909315,38.892975],[-77.022933,38.802768]]]}},{"type":"Feature","properties":{"name":"Maryland","abbr":"MD"},"geometry":{"type":"MultiPolygon","coordinates":[[[[-75.647858,37.965717],[-75.786285,37.975898],[-75.858022,37.931138],[-75.874989,37.951117],[-75.845367,37.994086],[-75.886342,37.987942],[-75.852854,38.031968],[-75.742991,38.110826],[-75.852854,38.090318],[-75.776479,38.144965],[-75.794016,38.158881],[-75.9405,38.135403],[-75.928456,38.193549],[-75.818674,38.23371],[-75.906646,38.270982],[-75.843251,38.404364],[-75.962717,38.247992],[-75.996205,38.313178],[-75.955312,38.35102],[-75.990468,38.362047],[-76.03718,38.309475],[-76.017323,38.267808],[-76.037913,38.232489],[-76.209706,38.392035],[-76.215932,38.316881],[-76.318959,38.473944],[-76.286366,38.500149],[-76.263743,38.465522],[-76.24234,38.521186],[-76.171986,38.56623],[-76.286041,38.562812],[-76.256256,38.597398],[-76.277415,38.624742],[-76.161285,38.631008],[-76.171864,38.610256],[-76.053586,38.568039],[-75.970204,38.606594],[-75.962717,38.658881],[-76.024244,38.592846],[-76.105029,38.62491],[-76.092397,38.658881],[-76.154449,38.652655],[-76.106068,38.686225],[-76.166127,38.681464],[-76.168121,38.727729],[-76.198649,38.675056],[-76.23385,38.757449],[-76.291942,38.721315],[-76.288038,38.775526],[-76.341293,38.673173],[-76.304677,38.82274],[-76.253169,38.855003],[-76.173111,38.756612],[-76.109039,38.800727],[-76.176967,38.785551],[-76.188167,38.846691],[-76.106068,38.877997],[-76.161285,38.926418],[-76.197883,38.878456],[-76.196906,38.935648],[-76.247182,38.951158],[-76.328847,38.91649],[-76.328364,38.865156],[-76.374748,38.841573],[-76.315297,39.029364],[-76.285145,38.989428],[-76.197561,38.97934],[-76.15099,39.009101],[-76.168121,39.056708],[-76.065094,39.146145],[-76.17512,39.124091],[-76.204206,39.014533],[-76.242618,39.03326],[-76.235718,39.098208],[-76.272628,39.167992],[-76.174957,39.31623],[-76.105362,39.372048],[-75.839182,39.371487],[-76.034265,39.392877],[-75.934722,39.474514],[-75.839182,39.460761],[-75.893788,39.508612],[-75.831695,39.584377],[-76.000713,39.45279],[-75.934722,39.604193],[-76.00835,39.548687],[-76.082997,39.557807],[-76.120351,39.49494],[-76.067535,39.457831],[-76.209706,39.364651],[-76.232493,39.474514],[-76.266835,39.378852],[-76.246653,39.344143],[-76.284169,39.310614],[-76.311513,39.402777],[-76.401479,39.392524],[-76.332631,39.350979],[-76.36913,39.313178],[-76.430816,39.318101],[-76.401479,39.256008],[-76.483469,39.310614],[-76.396865,39.237981],[-76.449178,39.194957],[-76.445239,39.217905],[-76.497316,39.208557],[-76.570818,39.273638],[-76.623199,39.259711],[-76.433283,39.131218],[-76.432994,39.067224],[-76.455922,39.090725],[-76.516477,39.075636],[-76.394195,39.024563],[-76.45557,38.988735],[-76.551666,39.077216],[-76.571187,39.038644],[-76.452427,38.943861],[-76.459612,38.912137],[-76.568608,38.952542],[-76.493101,38.89895],[-76.537465,38.891669],[-76.531722,38.839229],[-76.494288,38.825546],[-76.550282,38.755113],[-76.521528,38.724893],[-76.511977,38.527734],[-76.381905,38.384575],[-76.419359,38.321706],[-76.453563,38.324053],[-76.483469,38.392035],[-76.636475,38.474163],[-76.681467,38.679389],[-76.673644,38.486058],[-76.450634,38.293141],[-76.373382,38.298893],[-76.3933,38.245998],[-76.320507,38.138776],[-76.323897,38.043842],[-76.415257,38.108299],[-76.456125,38.207017],[-76.468861,38.139106],[-76.503896,38.166002],[-76.517161,38.131781],[-76.616743,38.223306],[-76.80421,38.253623],[-76.827626,38.36286],[-76.880686,38.398871],[-76.839216,38.257217],[-76.922174,38.291593],[-77.031565,38.481391],[-77.094637,38.40872],[-77.099762,38.460883],[-77.133941,38.453437],[-77.113433,38.432929],[-77.133941,38.398871],[-77.203651,38.364295],[-77.255259,38.393522],[-77.267041,38.49408],[-77.227528,38.556871],[-77.186374,38.556815],[-77.184438,38.604967],[-77.126454,38.617906],[-77.088694,38.689195],[-77.012467,38.697355],[-77.034678,38.70826],[-77.022933,38.802768],[-76.909315,38.892975],[-77.041949,38.996136],[-77.119781,38.934064],[-77.233466,38.986625],[-77.27226,39.047758],[-77.445111,39.084599],[-77.514813,39.152592],[-77.45954,39.207695],[-77.466742,39.243754],[-77.751312,39.351029],[-77.747601,39.423051],[-77.806244,39.448149],[-77.770575,39.501884],[-77.820648,39.496928],[-77.838568,39.54268],[-77.85993,39.515531],[-77.880438,39.563945],[-77.837445,39.581108],[-77.846893,39.611747],[-77.969135,39.601567],[-78.184442,39.704252],[-78.280023,39.635356],[-78.433807,39.624198],[-78.40622,39.59412],[-78.454706,39.586308],[-78.433148,39.561723],[-78.468964,39.533598],[-78.577289,39.529106],[-78.748578,39.577226],[-78.737738,39.610649],[-78.774725,39.637846],[-78.808026,39.568437],[-78.957782,39.454154],[-79.04787,39.482621],[-79.102704,39.467265],[-79.290399,39.305522],[-79.485785,39.206913],[-79.477435,39.721757],[-75.788644,39.721318],[-75.693701,38.460354],[-75.082916,38.447455],[-75.118196,38.437481],[-75.104045,38.395242],[-75.17951,38.40842],[-75.094228,38.335354],[-75.163889,38.23371],[-75.197499,38.232571],[-75.187408,38.261664],[-75.233062,38.238959],[-75.290435,38.110826],[-75.356028,38.090318],[-75.377375,38.015198],[-75.616348,37.995778],[-75.647858,37.965717]]],[[[-76.006972,37.954337],[-76.044085,37.954449],[-76.051422,37.994086],[-76.003041,38.000963],[-76.039459,38.021145],[-76.017354,38.038693],[-75.981291,37.992836],[-76.006972,37.954337]]],[[[-76.03323,38.148551],[-76.083608,38.160666],[-76.079009,38.182844],[-76.048608,38.200408],[-76.03323,38.148551]]],[[[-75.26303,38.022635],[-75.092437,38.302639],[-75.189695,38.08978],[-75.26303,38.022635]]]]}},{"type":"Feature","properties":{"name":"Delaware","abbr":"DE"},"geometry":{"type":"Polygon","coordinates":[[[-75.058095,38.453721],[-75.693701,38.460354],[-75.788644,39.721318],[-75.677948,39.815165],[-75.529315,39.837846],[-75.424463,39.806614],[-75.592152,39.649237],[-75.602691,39.607896],[-75.554596,39.541164],[-75.587938,39.462771],[-75.407704,39.27025],[-75.401404,39.078288],[-75.314849,38.984076],[-75.310326,38.927818],[-75.166327,38.794382],[-75.08434,38.795967],[-75.064807,38.632609],[-75.086411,38.693345],[-75.139189,38.688052],[-75.119781,38.658881],[-75.15331,38.658881],[-75.098704,38.638414],[-75.190053,38.606676],[-75.207916,38.569525],[-75.126047,38.590033],[-75.09557,38.566392],[-75.060091,38.612541],[-75.058095,38.453721]]]}},{"type":"Feature","properties":{"name":"New Jersey","abbr":"NJ"},"geometry":{"type":"MultiPolygon","coordinates":[[[[-75.541331,39.508857],[-75.523834,39.49494],[-75.510406,39.559638],[-75.557444,39.621243],[-75.440175,39.777004],[-75.310902,39.843207],[-75.144154,39.874905],[-75.098704,39.90644],[-75.115956,39.952582],[-74.728632,40.163237],[-74.97453,40.414579],[-75.035858,40.415165],[-75.088788,40.558329],[-75.182196,40.57039],[-75.195746,40.619145],[-75.188739,40.758549],[-75.105438,40.795634],[-75.057611,40.872343],[-75.139545,40.982206],[-74.938202,41.127616],[-74.844696,41.272978],[-74.698993,41.356254],[-73.907135,40.99079],[-74.031929,40.714181],[-74.131022,40.645177],[-74.112435,40.717893],[-74.209647,40.634231],[-74.282687,40.497319],[-74.205922,40.442939],[-73.992991,40.402411],[-74.018219,40.480536],[-73.979156,40.449286],[-73.979888,40.280158],[-74.093013,39.776337],[-74.050282,40.054999],[-74.08048,40.051265],[-74.063503,40.030752],[-74.126088,39.981594],[-74.102284,39.970933],[-74.132883,39.933783],[-74.109992,39.921741],[-74.127268,39.848456],[-74.186519,39.772111],[-74.167551,39.699368],[-74.328491,39.576185],[-74.297353,39.508612],[-74.407216,39.557034],[-74.383697,39.471096],[-74.44815,39.44717],[-74.468658,39.399359],[-74.413442,39.357123],[-74.530141,39.310614],[-74.48176,39.364651],[-74.509633,39.378852],[-74.550649,39.310614],[-74.660471,39.289496],[-74.550649,39.28266],[-74.701487,39.124416],[-74.742421,39.11815],[-74.708323,39.097724],[-74.788075,39.039049],[-74.803293,38.987616],[-74.954701,38.926418],[-74.952566,39.007548],[-74.894439,39.107611],[-74.906321,39.179633],[-75.040273,39.214545],[-75.146474,39.187079],[-75.175771,39.242011],[-75.367177,39.342597],[-75.541331,39.508857]]],[[[-74.358795,39.44717],[-74.351633,39.470201],[-74.304921,39.459784],[-74.393381,39.389146],[-74.44815,39.419867],[-74.39977,39.399359],[-74.358795,39.44717]]]]}},{"type":"Feature","properties":{"name":"Connecticut","abbr":"CT"},"geometry":{"type":"Polygon","coordinates":[[[-73.6417,41.001774],[-73.722968,41.103495],[-73.4841,41.217924],[-73.544696,41.294926],[-73.480536,42.054545],[-72.807636,42.033036],[-72.806415,42.006987],[-72.757587,42.033036],[-71.801581,42.021684],[-71.795746,41.518901],[-71.844965,41.321513],[-71.963246,41.345364],[-72.036244,41.317857],[-72.083404,41.352037],[-72.110707,41.311103],[-72.194325,41.323798],[-72.200063,41.297431],[-72.287953,41.282945],[-72.391835,41.366278],[-72.35436,41.321234],[-72.369781,41.276597],[-72.452626,41.287909],[-72.507924,41.256415],[-72.604807,41.283759],[-72.856067,41.245419],[-72.892427,41.244975],[-72.909983,41.305121],[-73.013828,41.206724],[-73.094472,41.191311],[-73.108485,41.148709],[-73.221099,41.167141],[-73.262127,41.120185],[-73.286452,41.134492],[-73.523211,41.021491],[-73.6417,41.001774]]]}},{"type":"Feature","properties":{"name":"Rhode Island","abbr":"RI"},"geometry":{"type":"MultiPolygon","coordinates":[[[[-71.236858,41.709564],[-71.260406,41.651109],[-71.301829,41.659613],[-71.28303,41.748847],[-71.337066,41.733791],[-71.391347,41.818793],[-71.364003,41.712063],[-71.384429,41.674221],[-71.446767,41.677232],[-71.410268,41.632961],[-71.442779,41.574652],[-71.423411,41.486396],[-71.488271,41.370592],[-71.877914,41.311512],[-71.844965,41.321513],[-71.804462,41.415727],[-71.8008,42.010917],[-71.387079,42.015824],[-71.379022,41.901371],[-71.337567,41.890409],[-71.340692,41.796904],[-71.236858,41.709564]]],[[[-71.121897,41.513007],[-71.185902,41.468736],[-71.199127,41.492133],[-71.193961,41.676861],[-71.131122,41.661137],[-71.121897,41.513007]]],[[[-71.315094,41.580797],[-71.35676,41.631578],[-71.343739,41.67064],[-71.303375,41.62637],[-71.315094,41.580797]]],[[[-71.559474,41.201024],[-71.549095,41.152042],[-71.613748,41.155181],[-71.5792,41.225572],[-71.559474,41.201024]]],[[[-71.357818,41.558173],[-71.398793,41.4619],[-71.39269,41.54267],[-71.377675,41.577948],[-71.357818,41.558173]]],[[[-71.285512,41.581732],[-71.220611,41.660549],[-71.233632,41.489203],[-71.354563,41.458319],[-71.308827,41.495429],[-71.325551,41.519965],[-71.285512,41.581732]]]]}},{"type":"Feature","properties":{"name":"Massachusetts","abbr":"MA"},"geometry":{"type":"MultiPolygon","coordinates":[[[[-71.193961,41.676861],[-71.110748,41.797065],[-71.176259,41.72663],[-71.236858,41.709564],[-71.323798,41.777787],[-71.337567,41.890409],[-71.379022,41.901371],[-71.387079,42.015824],[-72.757587,42.033036],[-72.806415,42.006987],[-72.807636,42.033036],[-73.480536,42.054545],[-73.507245,42.078984],[-73.265516,42.745601],[-71.306317,42.700859],[-71.19621,42.752153],[-71.140985,42.815946],[-70.925555,42.886528],[-70.814281,42.877295],[-70.809153,42.826239],[-70.863759,42.826239],[-70.800771,42.792548],[-70.775095,42.716335],[-70.823598,42.749864],[-70.81961,42.718736],[-70.682281,42.632188],[-70.679555,42.667955],[-70.631744,42.694607],[-70.597035,42.634467],[-70.878,42.537543],[-70.891672,42.502753],[-70.854115,42.523668],[-70.838206,42.499172],[-70.922109,42.465562],[-70.891672,42.42829],[-70.963043,42.4383],[-70.952504,42.359442],[-71.036855,42.372463],[-71.014556,42.338935],[-71.038442,42.307929],[-70.993479,42.310981],[-70.949534,42.242825],[-70.86734,42.264838],[-70.898508,42.318427],[-70.741811,42.235663],[-70.59081,42.01732],[-70.637807,42.010647],[-70.617299,42.016791],[-70.648346,42.065253],[-70.66511,42.010647],[-70.714833,42.002672],[-70.654937,41.957099],[-70.544993,41.940619],[-70.533111,41.81623],[-70.439198,41.75609],[-70.274729,41.736274],[-70.335194,41.719224],[-70.070241,41.773458],[-70.000111,41.816311],[-70.021474,41.906928],[-69.986684,41.92121],[-70.037913,41.941636],[-70.068674,41.893297],[-70.099852,42.03739],[-70.165619,42.063835],[-70.189274,42.01786],[-70.24682,42.061468],[-70.19222,42.086062],[-70.081198,42.058354],[-70.014012,41.998941],[-69.924672,41.83808],[-69.972035,41.839179],[-69.979848,41.797065],[-69.934234,41.792955],[-69.938873,41.674221],[-70.185292,41.660549],[-70.272776,41.610582],[-70.261057,41.646226],[-70.391591,41.619208],[-70.41808,41.640041],[-70.479848,41.573879],[-70.658682,41.521349],[-70.685618,41.530829],[-70.623606,41.729438],[-70.710439,41.748033],[-70.71288,41.687812],[-70.850087,41.629543],[-70.845204,41.592475],[-70.905385,41.640041],[-70.92516,41.550727],[-71.040151,41.507148],[-71.069814,41.517157],[-71.043853,41.536851],[-71.062367,41.564358],[-71.121897,41.513007],[-71.131122,41.661137],[-71.193961,41.676861]]],[[[-70.054149,41.392686],[-69.95776,41.275748],[-69.967149,41.249453],[-70.137745,41.247152],[-70.278112,41.307907],[-70.081939,41.292548],[-70.014027,41.344631],[-70.07608,41.311103],[-70.037221,41.37287],[-70.054149,41.392686]]],[[[-70.5006,41.393622],[-70.455719,41.429633],[-70.446685,41.367418],[-70.5006,41.393622]]],[[[-70.576405,41.427802],[-70.517405,41.41352],[-70.507436,41.362616],[-70.696278,41.351508],[-70.775909,41.304389],[-70.846221,41.346666],[-70.781972,41.354234],[-70.605133,41.474026],[-70.603668,41.448228],[-70.570424,41.473944],[-70.545766,41.453925],[-70.576405,41.427802]]],[[[-69.973012,41.653713],[-69.959381,41.632636],[-70.021474,41.550727],[-69.973012,41.653713]]],[[[-70.724354,41.5111],[-70.679194,41.51045],[-70.768306,41.459546],[-70.839861,41.450531],[-70.724354,41.5111]]]]}},{"type":"Feature","properties":{"name":"Oregon","abbr":"OR"},"geometry":{"type":"MultiPolygon","coordinates":[[[[-124.492447,42.929836],[-124.416151,43.125484],[-124.401324,43.310096],[-124.342123,43.352104],[-124.316514,43.299832],[-124.308708,43.354911],[-124.232874,43.424081],[-124.212873,43.374681],[-124.140035,43.375349],[-124.186672,43.391328],[-124.208698,43.45219],[-124.335229,43.365316],[-124.209788,43.65663],[-124.139812,43.733106],[-124.070218,43.711661],[-124.148814,43.747588],[-124.202945,43.680773],[-124.119456,44.006496],[-124.114084,44.307359],[-124.084427,44.411664],[-124.053552,44.432975],[-124.017893,44.409817],[-124.049612,44.448696],[-124.083434,44.427752],[-124.084352,44.498066],[-124.063194,44.60952],[-124.004755,44.616291],[-124.068138,44.617753],[-124.077992,44.674917],[-124.065185,44.823311],[-124.01769,44.916571],[-124.01415,45.064276],[-123.971099,45.153713],[-123.960357,45.299994],[-124.00178,45.344468],[-123.957875,45.414984],[-123.960805,45.378607],[-123.918446,45.41767],[-123.971099,45.451972],[-123.948801,45.557196],[-123.939198,45.499823],[-123.890533,45.475491],[-123.896067,45.560289],[-123.957875,45.576158],[-123.918229,45.689566],[-123.871083,45.697903],[-123.917433,45.704483],[-123.93788,45.660604],[-123.941677,45.726954],[-123.981139,45.760294],[-123.956614,45.873236],[-123.990549,45.937934],[-123.923329,46.013983],[-124.01734,46.235433],[-123.825116,46.156948],[-123.798736,46.102444],[-123.800647,46.143553],[-123.77831,46.143378],[-123.865419,46.186468],[-123.766771,46.204106],[-123.705953,46.170805],[-123.519273,46.235269],[-123.385521,46.146183],[-123.256439,46.133321],[-123.111835,46.186479],[-122.966693,46.135746],[-122.891742,46.092485],[-122.806537,45.978129],[-122.7216,45.648881],[-122.261054,45.566313],[-121.792645,45.721391],[-121.271845,45.708769],[-121.204242,45.684941],[-121.154974,45.622221],[-121.038886,45.653324],[-120.900116,45.641801],[-120.631415,45.729057],[-120.47016,45.710136],[-120.229901,45.737065],[-119.934198,45.837968],[-119.66247,45.87183],[-119.575262,45.927592],[-119.093329,45.948832],[-119.002362,45.999516],[-116.878827,46.001469],[-116.838593,45.909867],[-116.759393,45.837968],[-116.530121,45.751567],[-116.455902,45.621928],[-116.649042,45.347514],[-116.71745,45.151371],[-116.831342,45.025004],[-116.840839,44.901249],[-116.917279,44.802592],[-117.029242,44.733647],[-117.122284,44.554081],[-117.203803,44.482499],[-117.195062,44.297709],[-117.140253,44.264433],[-117.099286,44.292338],[-117.044012,44.259648],[-116.97348,44.268315],[-116.961395,44.223832],[-116.891986,44.176689],[-116.920526,44.113578],[-116.968964,44.099955],[-116.935541,44.017045],[-116.971063,43.893363],[-117.031415,43.828691],[-117.01662,41.99954],[-124.214521,41.99954],[-124.350458,42.097958],[-124.379059,42.220278],[-124.412465,42.248928],[-124.439788,42.439192],[-124.399891,42.61573],[-124.566762,42.83397],[-124.492447,42.929836]]]]}},{"type":"Feature","properties":{"name":"Hawaii","abbr":"HI"},"geometry":{"type":"MultiPolygon","coordinates":[[[[-154.899622,19.567016],[-154.814064,19.506579],[-154.874736,19.412884],[-155.093031,19.28621],[-155.291127,19.259524],[-155.502797,19.137681],[-155.674756,18.906117],[-155.704167,18.949085],[-155.87813,19.029072],[-155.91993,19.138601],[-155.887374,19.359568],[-156.060164,19.731221],[-155.835458,19.975703],[-155.824083,20.020092],[-155.89698,20.148846],[-155.880483,20.252021],[-155.737986,20.243801],[-155.711669,20.196149],[-155.586363,20.122936],[-155.420715,20.090185],[-155.168043,19.946827],[-155.087141,19.86038],[-155.085371,19.727409],[-154.989923,19.726707],[-154.96697,19.636252],[-154.899622,19.567016]]],[[[-156.561774,20.598008],[-156.544555,20.513217],[-156.700562,20.525427],[-156.561774,20.598008]]],[[[-156.848378,20.876817],[-156.803539,20.812564],[-156.831257,20.763807],[-156.96228,20.732388],[-156.992136,20.84634],[-157.063136,20.890387],[-156.990414,20.927509],[-156.89272,20.914141],[-156.848378,20.876817]]],[[[-156.001698,20.800442],[-155.984696,20.717591],[-156.048423,20.650888],[-156.302594,20.581179],[-156.407653,20.587207],[-156.451664,20.635738],[-156.464319,20.781383],[-156.620234,20.807088],[-156.696009,20.915802],[-156.666469,21.003438],[-156.597929,21.032653],[-156.525889,20.987322],[-156.481672,20.904397],[-156.281931,20.950263],[-156.119281,20.836071],[-156.001698,20.800442]]],[[[-156.749013,21.170966],[-156.705725,21.156543],[-156.724843,21.123725],[-156.869578,21.053371],[-157.303944,21.109565],[-157.251163,21.180284],[-157.259759,21.22188],[-156.989735,21.182847],[-156.965769,21.213324],[-156.897045,21.165191],[-156.749013,21.170966]]],[[[-157.706824,21.351995],[-157.647167,21.306431],[-157.704076,21.25953],[-157.715346,21.281839],[-157.810818,21.25419],[-157.894876,21.331685],[-157.947003,21.302743],[-157.968062,21.347887],[-157.931845,21.371662],[-157.960927,21.388821],[-157.991332,21.391073],[-157.989506,21.358831],[-158.020174,21.383313],[-157.980627,21.318521],[-158.094309,21.293606],[-158.278933,21.575265],[-158.121072,21.585895],[-158.014445,21.701499],[-157.969655,21.709061],[-157.836449,21.534049],[-157.842127,21.461049],[-157.776227,21.413306],[-157.773524,21.454199],[-157.725708,21.458985],[-157.738704,21.405451],[-157.706824,21.351995]]],[[[-160.113759,22.000271],[-160.051436,21.98305],[-160.072214,21.910834],[-160.171677,21.848648],[-160.211285,21.780209],[-160.245463,21.850839],[-160.12362,21.956296],[-160.113759,22.000271]]],[[[-159.301259,22.151028],[-159.334128,21.958057],[-159.437315,21.868769],[-159.604979,21.891703],[-159.787211,22.01927],[-159.786515,22.066034],[-159.716534,22.157514],[-159.558543,22.232995],[-159.508063,22.208204],[-159.357866,22.222729],[-159.301259,22.151028]]]]}},{"type":"Feature","properties":{"name":"Utah","abbr":"UT"},"geometry":{"type":"Polygon","coordinates":[[[-111.050238,41.999833],[-111.049921,40.999833],[-109.046332,40.999833],[-109.046625,36.999809],[-114.040204,37.003129],[-114.042548,42.000077],[-111.050238,41.999833]]]}},{"type":"Feature","properties":{"name":"Wyoming","abbr":"WY"},"geometry":{"type":"Polygon","coordinates":[[[-111.049994,41.000053],[-111.0508,45.000029],[-104.056659,45.000102],[-104.053729,40.999833],[-111.049994,41.000053]]]}},{"type":"Feature","properties":{"name":"Nevada","abbr":"NV"},"geometry":{"type":"Polygon","coordinates":[[[-114.042548,42.000077],[-114.042011,36.219779],[-114.123895,36.045854],[-114.158661,36.02974],[-114.256537,36.03245],[-114.365643,36.147196],[-114.442914,36.12769],[-114.554779,36.160527],[-114.721185,36.092729],[-114.739569,35.985795],[-114.666815,35.87393],[-114.69455,35.76707],[-114.645062,35.630644],[-114.667621,35.517045],[-114.590887,35.352885],[-114.571942,35.212553],[-114.581805,35.151347],[-114.635516,35.137187],[-114.611591,35.082572],[-114.628217,35.003569],[-118.126215,37.691337],[-120.000018,38.999223],[-120.000751,41.99954],[-114.042548,42.000077]]]}},{"type":"Feature","properties":{"name":"Colorado","abbr":"CO"},"geometry":{"type":"Polygon","coordinates":[[[-109.046332,40.999833],[-102.051801,40.999589],[-102.039569,36.999809],[-109.046625,36.999809],[-109.046332,40.999833]]]}},{"type":"Feature","properties":{"name":"South Dakota","abbr":"SD"},"geometry":{"type":"Polygon","coordinates":[[[-104.039301,44.999931],[-104.044891,45.942021],[-96.556342,45.941752],[-96.64162,45.759013],[-96.838934,45.649174],[-96.863055,45.600761],[-96.708246,45.421611],[-96.566473,45.393534],[-96.453607,45.296562],[-96.453558,43.500126],[-96.598554,43.496464],[-96.587616,43.43311],[-96.533075,43.375077],[-96.536737,43.298954],[-96.579584,43.28455],[-96.570624,43.228569],[-96.480804,43.21663],[-96.455389,43.121733],[-96.509393,43.04058],[-96.560907,42.848344],[-96.637958,42.751054],[-96.524188,42.653178],[-96.541669,42.63018],[-96.48266,42.518339],[-96.628534,42.542582],[-96.705292,42.62703],[-96.696796,42.672172],[-96.799384,42.686796],[-96.856952,42.740092],[-97.127264,42.789628],[-97.275848,42.884281],[-97.68476,42.852958],[-97.838788,42.871513],[-97.941888,42.788383],[-98.006879,42.784086],[-98.485101,43.000199],[-104.053119,43.00037],[-104.039301,44.999931]]]}},{"type":"Feature","properties":{"name":"Nebraska","abbr":"NE"},"geometry":{"type":"Polygon","coordinates":[[[-104.053729,40.999833],[-104.053119,43.00037],[-98.485101,43.000199],[-98.242914,42.872441],[-97.979877,42.782328],[-97.838788,42.871513],[-97.68476,42.852958],[-97.275848,42.884281],[-97.127264,42.789628],[-96.856952,42.740092],[-96.799384,42.686796],[-96.696796,42.672172],[-96.705292,42.62703],[-96.611298,42.534306],[-96.39743,42.496684],[-96.402167,42.368998],[-96.336493,42.283329],[-96.342206,42.181401],[-96.276727,42.136698],[-96.232416,42.028935],[-96.15434,41.987821],[-96.153436,41.898051],[-96.064227,41.795951],[-96.10119,41.689653],[-96.082147,41.549809],[-95.987665,41.534013],[-96.000458,41.480375],[-95.924481,41.45457],[-95.957977,41.338481],[-95.869769,41.308842],[-95.924823,41.224101],[-95.852777,41.175883],[-95.876044,41.167167],[-95.882294,41.064775],[-95.838251,40.982353],[-95.827655,40.794145],[-95.869305,40.728886],[-95.773041,40.660673],[-95.768231,40.548735],[-95.696137,40.518315],[-95.629022,40.34539],[-95.649945,40.311039],[-95.478192,40.249174],[-95.485028,40.200761],[-95.403754,40.114189],[-95.41955,40.045048],[-95.317255,40.000102],[-102.051263,40.000102],[-102.051801,40.999589],[-104.053729,40.999833]]]}},{"type":"Feature","properties":{"name":"Kansas","abbr":"KS"},"geometry":{"type":"Polygon","coordinates":[[[-102.039569,36.999809],[-102.051263,40.000102],[-95.317255,40.000102],[-95.09118,39.860722],[-94.948187,39.901396],[-94.950604,39.86558],[-94.882343,39.820903],[-94.874896,39.74207],[-94.969354,39.738725],[-95.110541,39.550346],[-95.025726,39.454081],[-94.899701,39.385185],[-94.900995,39.327153],[-94.829584,39.217289],[-94.612543,39.152812],[-94.618036,36.999809],[-102.039569,36.999809]]]}},{"type":"Feature","properties":{"name":"Oklahoma","abbr":"OK"},"geometry":{"type":"Polygon","coordinates":[[[-103.000238,36.500199],[-103.0008,36.999809],[-94.618036,36.999809],[-94.618329,36.499833],[-94.439081,35.38621],[-94.4841,33.647416],[-94.872748,33.755912],[-94.966522,33.855253],[-95.220306,33.962944],[-95.268597,33.90457],[-95.35705,33.868217],[-95.497089,33.875321],[-95.598114,33.952079],[-95.769623,33.89644],[-95.78327,33.855448],[-95.860394,33.853959],[-95.937885,33.895561],[-96.146698,33.828178],[-96.202728,33.763676],[-96.28952,33.763041],[-96.328778,33.70186],[-96.410468,33.786576],[-96.496454,33.786576],[-96.581976,33.838725],[-96.6008,33.904887],[-96.649359,33.915971],[-96.691962,33.854618],[-96.748407,33.848881],[-96.850775,33.871928],[-96.889203,33.941459],[-96.932709,33.957328],[-96.985077,33.939897],[-97.01767,33.858549],[-97.075238,33.86165],[-97.054755,33.824418],[-97.093817,33.742338],[-97.14411,33.725126],[-97.20058,33.786576],[-97.177655,33.86912],[-97.211786,33.910063],[-97.267035,33.855448],[-97.30578,33.877983],[-97.360443,33.833647],[-97.436444,33.826957],[-97.469257,33.892143],[-97.585736,33.906352],[-97.602826,33.978984],[-97.640643,33.994511],[-97.840228,33.868022],[-97.926654,33.873149],[-97.9591,33.893022],[-97.955951,33.995317],[-98.088397,34.027836],[-98.106512,34.149662],[-98.34328,34.143461],[-98.416547,34.079008],[-98.490692,34.075175],[-98.586005,34.157109],[-98.720062,34.136625],[-98.975262,34.215898],[-99.175922,34.22061],[-99.192059,34.322221],[-99.265497,34.411552],[-99.362372,34.46226],[-99.416473,34.380375],[-99.547284,34.412455],[-99.680804,34.394682],[-99.882001,34.564921],[-99.999286,34.575468],[-100.002387,36.499858],[-103.000238,36.500199]]]}},{"type":"Feature","properties":{"name":"Iowa","abbr":"IA"},"geometry":{"type":"Polygon","coordinates":[[[-96.555463,43.288627],[-96.533075,43.375077],[-96.592523,43.44246],[-96.595282,43.498905],[-91.25014,43.500956],[-91.208807,43.372904],[-91.086493,43.317362],[-91.167792,43.160453],[-91.141473,42.928276],[-91.045477,42.742094],[-90.702997,42.655326],[-90.626263,42.544487],[-90.641986,42.475688],[-90.432196,42.352568],[-90.403143,42.245365],[-90.169696,42.116459],[-90.149408,41.976347],[-90.201239,41.813578],[-90.304999,41.748539],[-90.346332,41.605375],[-90.422333,41.554008],[-90.603192,41.510453],[-90.704511,41.451225],[-91.030951,41.413603],[-91.098993,41.23599],[-91.082367,41.18975],[-90.968622,41.116093],[-90.949042,40.982206],[-91.083392,40.839067],[-91.153046,40.672465],[-91.400897,40.581254],[-91.382587,40.392924],[-91.493622,40.403129],[-91.730682,40.618803],[-94.131464,40.574516],[-95.767548,40.600444],[-95.773041,40.660673],[-95.869305,40.728886],[-95.827655,40.794145],[-95.824774,40.888969],[-95.882294,41.064775],[-95.876044,41.167167],[-95.852777,41.175883],[-95.923846,41.207646],[-95.917035,41.266484],[-95.869769,41.308842],[-95.957977,41.338481],[-95.924481,41.45457],[-96.000458,41.480375],[-95.995673,41.540824],[-96.082147,41.549809],[-96.10119,41.689653],[-96.074042,41.818901],[-96.153436,41.898051],[-96.15434,41.987821],[-96.232416,42.028935],[-96.276727,42.136698],[-96.342206,42.181401],[-96.336493,42.283329],[-96.402167,42.368998],[-96.39743,42.496684],[-96.48266,42.518339],[-96.541669,42.63018],[-96.524188,42.653178],[-96.637958,42.751054],[-96.560907,42.848344],[-96.509393,43.04058],[-96.455389,43.121733],[-96.480804,43.21663],[-96.570624,43.228569],[-96.579584,43.28455],[-96.555463,43.288627]]]}},{"type":"Feature","properties":{"name":"Missouri","abbr":"MO"},"geometry":{"type":"Polygon","coordinates":[[[-95.633637,40.309184],[-95.696137,40.518315],[-95.768231,40.548735],[-95.767645,40.600468],[-94.131464,40.574516],[-91.730682,40.618803],[-91.682001,40.550834],[-91.441864,40.379521],[-91.496088,40.313407],[-91.518939,40.174906],[-91.492523,40.009599],[-91.442987,39.940092],[-91.449335,39.86558],[-91.374921,39.735722],[-91.104315,39.533085],[-91.050897,39.452421],[-90.773993,39.279057],[-90.657513,38.921049],[-90.585297,38.87808],[-90.428265,38.967436],[-90.143524,38.85684],[-90.134735,38.812504],[-90.197919,38.744242],[-90.196478,38.638163],[-90.377972,38.337602],[-90.367523,38.238749],[-90.110809,38.016654],[-89.922723,37.952592],[-89.721942,37.837162],[-89.64682,37.7335],[-89.523309,37.678886],[-89.523309,37.541752],[-89.441376,37.398344],[-89.52309,37.306694],[-89.523309,37.268022],[-89.473798,37.243876],[-89.377338,37.047294],[-89.27514,37.000444],[-89.308832,37.071171],[-89.260126,37.083061],[-89.188153,36.980644],[-89.1237,36.979643],[-89.153387,36.839433],[-89.132904,36.760917],[-89.205389,36.607572],[-89.253314,36.56912],[-89.370136,36.633061],[-89.427094,36.493388],[-89.478925,36.452421],[-89.505072,36.458183],[-89.502679,36.554399],[-89.569696,36.556376],[-89.530756,36.383525],[-89.628387,36.341484],[-89.557343,36.274736],[-89.694623,36.246977],[-89.613861,36.141703],[-89.674091,36.102201],[-89.723846,36.000492],[-90.373309,35.986186],[-90.298065,36.113285],[-90.067499,36.287358],[-90.064398,36.374369],[-90.162177,36.499833],[-94.618329,36.499833],[-94.612543,39.152812],[-94.829584,39.217289],[-94.900995,39.327153],[-94.899701,39.385185],[-95.025726,39.454081],[-95.110541,39.550346],[-94.969354,39.738725],[-94.874896,39.74207],[-94.882343,39.820903],[-94.950604,39.86558],[-94.948187,39.901396],[-95.09118,39.860722],[-95.408246,40.033573],[-95.403754,40.114189],[-95.485028,40.200761],[-95.46745,40.23809],[-95.633637,40.309184]]]}},{"type":"Feature","properties":{"name":"Wisconsin","abbr":"WI"},"geometry":{"type":"Polygon","coordinates":[[[-86.763571,45.443848],[-86.250623,45.236051],[-86.497689,45.075704],[-86.714642,44.84517],[-86.891194,44.46622],[-87.061359,43.969633],[-87.114374,43.76519],[-87.147166,43.379859],[-87.018818,42.496236],[-90.641278,42.511772],[-90.626263,42.544487],[-90.702997,42.655326],[-91.010492,42.71641],[-91.079511,42.791996],[-91.092206,42.870927],[-91.141473,42.928276],[-91.167792,43.160453],[-91.086493,43.317362],[-91.208807,43.372904],[-91.247943,43.462797],[-91.242816,43.740214],[-91.295013,43.918974],[-91.36098,43.944828],[-91.413983,44.018168],[-91.65014,44.068363],[-91.817108,44.162675],[-91.950116,44.335722],[-92.102606,44.436918],[-92.286054,44.470658],[-92.393768,44.579594],[-92.584662,44.607963],[-92.819794,44.757841],[-92.758344,44.925737],[-92.802435,45.077983],[-92.749677,45.126347],[-92.759345,45.283329],[-92.663007,45.426322],[-92.750897,45.559184],[-92.883197,45.576127],[-92.901727,45.611332],[-92.891205,45.703764],[-92.767694,45.805058],[-92.704096,45.91309],[-92.428754,46.032743],[-92.363348,46.027299],[-92.292572,46.083329],[-92.289227,46.662992],[-92.215472,46.663725],[-92.197162,46.710649],[-92.109955,46.768656],[-91.964862,46.728739],[-91.468304,46.924052],[-90.653973,47.308061],[-89.957636,47.286112],[-90.412543,46.584233],[-90.392279,46.547929],[-90.340839,46.557426],[-90.217304,46.498246],[-90.1185,46.340629],[-89.119232,46.148173],[-88.837274,46.0356],[-88.630609,46.006132],[-88.529193,46.025248],[-88.123187,45.931498],[-88.085541,45.876737],[-88.109979,45.803154],[-87.901776,45.758866],[-87.802606,45.68704],[-87.80412,45.499906],[-87.86579,45.446171],[-87.882196,45.377397],[-87.848554,45.356181],[-87.68869,45.388798],[-87.661224,45.370365],[-87.73476,45.199345],[-87.653558,45.120756],[-87.436049,45.078976],[-87.403325,45.204963],[-87.1988,45.32277],[-87.092447,45.443848],[-86.763571,45.443848]]]}},{"type":"Feature","properties":{"name":"Illinois","abbr":"IL"},"geometry":{"type":"Polygon","coordinates":[[[-90.585297,38.87808],[-90.657513,38.921049],[-90.702631,38.99539],[-90.702631,39.101225],[-90.773993,39.279057],[-91.050897,39.452421],[-91.104315,39.533085],[-91.374921,39.735722],[-91.449335,39.86558],[-91.442987,39.940092],[-91.492523,40.009599],[-91.518939,40.174906],[-91.472943,40.35811],[-91.373602,40.403129],[-91.400897,40.581254],[-91.153046,40.672465],[-91.083392,40.839067],[-90.949042,40.982206],[-90.968622,41.116093],[-91.082367,41.18975],[-91.098993,41.23599],[-91.030951,41.413603],[-90.704511,41.451225],[-90.603192,41.510453],[-90.440912,41.543412],[-90.346332,41.605375],[-90.304999,41.748539],[-90.188568,41.83477],[-90.140277,42.03057],[-90.169696,42.116459],[-90.403143,42.245365],[-90.432196,42.352568],[-90.641986,42.475688],[-90.641278,42.511772],[-87.018818,42.496236],[-87.207733,41.759674],[-87.521039,41.759721],[-87.532684,39.361625],[-87.615009,39.319999],[-87.598749,39.205644],[-87.6633,39.156571],[-87.666815,39.11829],[-87.536493,38.957524],[-87.556952,38.87808],[-87.511224,38.763383],[-87.547772,38.682768],[-87.599774,38.668559],[-87.661932,38.571586],[-87.653241,38.497123],[-87.762421,38.460966],[-87.752338,38.421562],[-87.817645,38.371611],[-87.848602,38.293852],[-87.875385,38.316996],[-87.904779,38.279521],[-87.945599,38.298832],[-87.991864,38.232768],[-87.933954,38.159867],[-88.02995,38.09788],[-87.967841,38.083598],[-88.045404,38.051713],[-88.038178,37.905619],[-88.111859,37.898612],[-88.039862,37.833451],[-88.098505,37.827616],[-88.045282,37.806742],[-88.049945,37.773637],[-88.163348,37.640043],[-88.090985,37.491313],[-88.488617,37.384696],[-88.512445,37.303349],[-88.434003,37.168534],[-88.454462,37.096073],[-88.561078,37.076908],[-88.955487,37.227812],[-89.07829,37.185453],[-89.178705,37.062284],[-89.1237,36.979643],[-89.188153,36.980644],[-89.260126,37.083061],[-89.308832,37.071171],[-89.27514,37.000444],[-89.377338,37.047294],[-89.473798,37.243876],[-89.523309,37.268022],[-89.52309,37.306694],[-89.441376,37.398344],[-89.523309,37.541752],[-89.523309,37.678886],[-89.64682,37.7335],[-89.721942,37.837162],[-89.922723,37.952592],[-90.110809,38.016654],[-90.367523,38.238749],[-90.377972,38.337602],[-90.196478,38.638163],[-90.197919,38.744242],[-90.134735,38.812504],[-90.143524,38.85684],[-90.428265,38.967436],[-90.585297,38.87808]]]}},{"type":"Feature","properties":{"name":"Kentucky","abbr":"KY"},"geometry":{"type":"MultiPolygon","coordinates":[[[[-89.253314,36.56912],[-89.205389,36.607572],[-89.132904,36.760917],[-89.153387,36.839433],[-89.11889,36.961918],[-89.178705,37.062284],[-89.07829,37.185453],[-89.001898,37.223295],[-88.906976,37.220219],[-88.561078,37.076908],[-88.484296,37.072465],[-88.433417,37.136552],[-88.512445,37.303349],[-88.488617,37.384696],[-88.090985,37.491313],[-88.156659,37.663896],[-88.060321,37.751225],[-88.045282,37.806742],[-87.9508,37.781938],[-87.899579,37.82974],[-87.926532,37.92332],[-87.797162,37.878154],[-87.686737,37.906864],[-87.65705,37.825199],[-87.601386,37.856962],[-87.598602,37.976445],[-87.548895,37.913383],[-87.405194,37.94207],[-87.164887,37.847099],[-87.118134,37.788749],[-87.019501,37.919145],[-86.818817,37.995219],[-86.772846,37.923783],[-86.643866,37.901371],[-86.662958,37.863847],[-86.624432,37.853764],[-86.589667,37.919389],[-86.523236,37.938285],[-86.518597,38.040483],[-86.443744,38.068974],[-86.461786,38.137309],[-86.416132,38.115238],[-86.332782,38.147123],[-86.382855,38.194633],[-86.291718,38.153617],[-86.259393,38.059013],[-86.051337,37.969633],[-85.930951,38.028959],[-85.900604,38.179936],[-85.829437,38.277201],[-85.758295,38.269755],[-85.665106,38.309526],[-85.589984,38.460966],[-85.526581,38.468656],[-85.414789,38.553422],[-85.454657,38.72642],[-85.257294,38.740898],[-85.18598,38.69373],[-84.935858,38.792411],[-84.806195,38.794999],[-84.819794,38.828154],[-84.783954,38.892924],[-84.87746,38.919657],[-84.822821,38.974296],[-84.87309,39.06165],[-84.730048,39.14622],[-84.637225,39.077299],[-84.444159,39.101811],[-84.306903,39.016899],[-84.217572,38.823466],[-84.083978,38.777763],[-83.865863,38.762236],[-83.714276,38.638529],[-83.650702,38.636039],[-83.616205,38.682865],[-83.534296,38.707402],[-83.368695,38.65977],[-83.305072,38.601445],[-83.151532,38.618949],[-83.030975,38.715873],[-82.886322,38.744828],[-82.82663,38.586479],[-82.698212,38.535453],[-82.589447,38.419316],[-82.57182,38.247636],[-82.636835,38.161576],[-82.470087,37.980986],[-82.481928,37.936552],[-82.424823,37.897856],[-82.296454,37.688383],[-82.115936,37.563383],[-81.965228,37.538676],[-82.351386,37.278495],[-82.681537,37.137089],[-82.712494,37.047245],[-82.849042,36.979936],[-82.869061,36.901005],[-83.062396,36.851713],[-83.128534,36.753324],[-83.508978,36.668534],[-83.730341,36.585771],[-86.507538,36.663822],[-87.839105,36.642924],[-87.868671,36.674028],[-88.067108,36.689701],[-88.042743,36.498637],[-89.424457,36.498954],[-89.358832,36.638017],[-89.253314,36.56912]]],[[[-89.494379,36.50142],[-89.559882,36.500151],[-89.569696,36.556376],[-89.502679,36.554399],[-89.494379,36.50142]]]]}},{"type":"Feature","properties":{"name":"Arkansas","abbr":"AR"},"geometry":{"type":"Polygon","coordinates":[[[-90.304218,35.000077],[-90.271796,34.923051],[-90.463886,34.827934],[-90.478241,34.737504],[-90.567987,34.719853],[-90.593964,34.425053],[-90.685761,34.372343],[-90.759369,34.380693],[-90.770892,34.284062],[-90.821161,34.285649],[-90.864276,34.206279],[-90.955878,34.157109],[-90.954926,34.128813],[-90.88244,34.099467],[-90.880145,34.060917],[-91.093036,33.98953],[-91.035614,33.930473],[-91.069257,33.883671],[-91.045429,33.814506],[-91.225922,33.689897],[-91.151679,33.633403],[-91.156464,33.587504],[-91.235419,33.56685],[-91.127167,33.47808],[-91.134003,33.382524],[-91.182098,33.320024],[-91.112909,33.280082],[-91.09306,33.16746],[-91.161298,33.118705],[-91.166473,33.014335],[-94.041254,33.010942],[-94.047284,33.554154],[-94.193182,33.593925],[-94.387421,33.561796],[-94.38205,33.587944],[-94.431488,33.590824],[-94.4841,33.647416],[-94.439081,35.38621],[-94.618329,36.499833],[-90.162177,36.499833],[-90.064398,36.374369],[-90.067499,36.287358],[-90.298065,36.113285],[-90.379388,35.987724],[-89.723846,36.000492],[-89.667304,35.915238],[-89.75954,35.908915],[-89.784003,35.877641],[-89.722113,35.833451],[-89.951898,35.722953],[-89.909833,35.652153],[-89.951337,35.602543],[-89.917914,35.548002],[-90.012323,35.511625],[-90.022308,35.452714],[-90.115253,35.369584],[-90.085346,35.148344],[-90.106146,35.123539],[-90.177777,35.129936],[-90.207465,35.060795],[-90.304218,35.000077]]]}},{"type":"Feature","properties":{"name":"Tennessee","abbr":"TN"},"geometry":{"type":"Polygon","coordinates":[[[-89.674042,35.896293],[-89.725555,35.993315],[-89.715741,36.034696],[-89.613861,36.141703],[-89.694623,36.246977],[-89.561176,36.263725],[-89.628387,36.341484],[-89.530756,36.383525],[-89.559882,36.500151],[-89.494379,36.50142],[-89.505072,36.458183],[-89.478925,36.452421],[-89.424457,36.498954],[-88.042743,36.498637],[-88.072064,36.689384],[-87.868671,36.674028],[-87.839105,36.642924],[-86.507538,36.663822],[-83.730341,36.585771],[-81.658856,36.60955],[-81.715009,36.526347],[-81.698529,36.488212],[-81.743964,36.400297],[-81.716376,36.343608],[-81.809808,36.360575],[-81.892401,36.316728],[-82.077948,36.103715],[-82.213153,36.159184],[-82.37663,36.106645],[-82.559589,35.961772],[-82.629779,36.057353],[-82.770258,36.000248],[-82.810175,35.933329],[-82.907489,35.945927],[-82.90827,35.883207],[-82.99057,35.783744],[-83.170673,35.756059],[-83.499213,35.569975],[-83.734564,35.566215],[-83.888739,35.512309],[-84.011493,35.424516],[-84.078387,35.268339],[-84.231512,35.267167],[-84.290595,35.229936],[-84.324628,34.987065],[-90.304218,35.000077],[-90.207465,35.060795],[-90.177777,35.129936],[-90.106146,35.123539],[-90.085346,35.148344],[-90.115253,35.369584],[-90.022308,35.452714],[-90.012323,35.511625],[-89.917914,35.548002],[-89.951337,35.602543],[-89.909833,35.652153],[-89.951898,35.722953],[-89.722113,35.833451],[-89.784003,35.877641],[-89.75954,35.908915],[-89.674042,35.896293]]]}},{"type":"Feature","properties":{"name":"West Virginia","abbr":"WV"},"geometry":{"type":"Polygon","coordinates":[[[-82.589447,38.419316],[-82.331683,38.443608],[-82.277118,38.588285],[-82.17746,38.611796],[-82.20871,38.78599],[-82.058368,39.003227],[-82.002972,39.021708],[-81.937445,38.99058],[-81.901679,38.874247],[-81.824286,38.954423],[-81.763983,38.937236],[-81.777094,39.034965],[-81.818475,39.079765],[-81.754559,39.105278],[-81.753705,39.177665],[-81.68244,39.271],[-81.580975,39.275321],[-81.554266,39.344218],[-81.463153,39.406547],[-81.420526,39.406279],[-81.368695,39.351029],[-81.226947,39.398466],[-80.875238,39.628788],[-80.835663,39.720365],[-80.871014,39.77122],[-80.796747,39.868681],[-80.802045,39.925004],[-80.758685,39.929399],[-80.735346,40.080009],[-80.600555,40.323344],[-80.628876,40.386381],[-80.605121,40.485942],[-80.676849,40.588798],[-80.622528,40.626005],[-80.520233,40.646781],[-80.519403,39.721488],[-79.477435,39.721757],[-79.485785,39.206913],[-79.290399,39.305522],[-79.102704,39.467265],[-79.04787,39.482621],[-78.957782,39.454154],[-78.808026,39.568437],[-78.774725,39.637846],[-78.737738,39.610649],[-78.750751,39.578764],[-78.683246,39.54622],[-78.468964,39.533598],[-78.433148,39.561723],[-78.454706,39.586308],[-78.40622,39.59412],[-78.423676,39.629301],[-78.280023,39.635356],[-78.205341,39.697929],[-78.132977,39.701347],[-77.991791,39.607963],[-77.846893,39.611747],[-77.837445,39.581108],[-77.880438,39.563945],[-77.85993,39.515531],[-77.838568,39.54268],[-77.820648,39.496928],[-77.770575,39.501884],[-77.806244,39.448149],[-77.738934,39.406132],[-77.734686,39.331059],[-77.835736,39.144169],[-78.336005,39.444975],[-78.354315,39.341581],[-78.409442,39.268852],[-78.42038,39.156962],[-78.58122,38.989555],[-78.674091,38.92559],[-78.743182,38.930082],[-78.867719,38.788237],[-78.9987,38.842314],[-79.195966,38.524101],[-79.290009,38.42432],[-79.507147,38.479887],[-79.54682,38.564115],[-79.648578,38.588066],[-79.694818,38.436528],[-79.79743,38.314921],[-79.794501,38.273881],[-79.916596,38.179057],[-79.999945,38.001591],[-80.206903,37.814848],[-80.284857,37.685136],[-80.22497,37.621586],[-80.30622,37.563725],[-80.289789,37.513652],[-80.457855,37.428251],[-80.504266,37.470317],[-80.743744,37.38184],[-80.859613,37.420707],[-80.871356,37.336064],[-80.948261,37.294828],[-81.224091,37.24434],[-81.363495,37.334574],[-81.416815,37.274369],[-81.583929,37.204765],[-81.835272,37.29207],[-81.927411,37.370756],[-81.932636,37.435746],[-81.981635,37.468168],[-81.956561,37.531498],[-82.115936,37.563383],[-82.291693,37.682939],[-82.424823,37.897856],[-82.481928,37.936552],[-82.470087,37.980986],[-82.631195,38.152861],[-82.57182,38.247636],[-82.589447,38.419316]]]}},{"type":"Feature","properties":{"name":"Indiana","abbr":"IN"},"geometry":{"type":"Polygon","coordinates":[[[-84.806075,41.696806],[-84.823529,39.097416],[-84.87309,39.06165],[-84.822821,38.974296],[-84.87746,38.919657],[-84.783954,38.892924],[-84.819794,38.828154],[-84.806195,38.794999],[-84.935858,38.792411],[-85.18598,38.69373],[-85.257294,38.740898],[-85.454657,38.72642],[-85.414789,38.553422],[-85.526581,38.468656],[-85.589984,38.460966],[-85.665106,38.309526],[-85.758295,38.269755],[-85.829437,38.277201],[-85.900604,38.179936],[-85.930951,38.028959],[-86.051337,37.969633],[-86.259393,38.059013],[-86.291718,38.153617],[-86.382855,38.194633],[-86.332782,38.147123],[-86.416132,38.115238],[-86.461786,38.137309],[-86.443744,38.068974],[-86.518597,38.040483],[-86.523236,37.938285],[-86.589667,37.919389],[-86.624432,37.853764],[-86.662958,37.863847],[-86.643866,37.901371],[-86.772846,37.923783],[-86.818817,37.995219],[-87.019501,37.919145],[-87.118134,37.788749],[-87.164887,37.847099],[-87.405194,37.94207],[-87.548895,37.913383],[-87.598602,37.976445],[-87.618427,37.956352],[-87.591107,37.884355],[-87.627094,37.834526],[-87.679852,37.837162],[-87.686737,37.906864],[-87.797162,37.878154],[-87.9091,37.931596],[-87.93371,37.902348],[-87.899579,37.82974],[-87.9508,37.781938],[-88.094891,37.818217],[-88.039862,37.833451],[-88.111859,37.898612],[-88.038178,37.905619],[-88.045404,38.051713],[-87.967841,38.083598],[-88.02995,38.09788],[-87.933954,38.159867],[-87.991864,38.232768],[-87.945599,38.298832],[-87.904779,38.279521],[-87.875385,38.316996],[-87.848602,38.293852],[-87.817645,38.371611],[-87.752338,38.421562],[-87.762421,38.460966],[-87.653241,38.497123],[-87.661932,38.571586],[-87.599774,38.668559],[-87.547772,38.682768],[-87.511224,38.763383],[-87.556952,38.87808],[-87.536493,38.957524],[-87.666815,39.11829],[-87.6633,39.156571],[-87.598749,39.205644],[-87.615009,39.319999],[-87.532684,39.361625],[-87.521039,41.759721],[-84.806075,41.758275],[-84.806075,41.696806]]]}}]}